{
    "implemented": true,
    "name": "sinistcha",
    "nationalPokedexNumber": 1013,
    "primaryType": "grass",
    "secondaryType": "ghost",
    "abilities": [
        "heatproof",
        "sweetveil"
        
    ],
    "baseStats": {
        "hp": 71,
        "attack": 60,
        "defence": 106,
        "special_attack": 121,
        "special_defence": 80,
        "speed": 70
    },
    "behaviour": {
        "resting": {
            "canSleep": true,
            "depth": "normal",
            "light": "0-4"
        },
        "moving": {
            "canLook": false,
            "walk": {
                "canWalk": true,
                "avoidsLand": false
            },
            "swim": {
                "swimSpeed": 0.1,
                "canSwimInWater": true,
                "canBreatheUnderwater": false
            }
        }
    },
    "catchRate": 102,
    "maleRatio": -1,
    "shoulderMountable": false,
    
    "baseExperienceYield": 100,
    "experienceGroup": "erratic",
    "eggCycles": 25,
    "eggGroups": [
        "amorphous",
        "mineral"
    ],
    
    "moves": [
        "1:astonish",
        "1:stunspore",
        "1:withdraw",
        "6:absorb",
        "12:lifedew",
        "18:foulplay",
        "24:megadrain",
        "30:hex",
        "36:ragepowder",
        "42:gigadrain",
        "48:shadowball",
        "54:memento",
        "60:leafstorm"
    ],
    "labels": [
        "custom"
    ],
    "pokedex": [
        "cobblemon.species.sinistcha.desc1",
        "cobblemon.species.sinistcha.desc2"
    ],
    
    "baseScale": 0.8,
    "hitbox": {
        "width": 0.5,
        "height": 1.0,
        "fixed": false
    },
    "baseFriendship": 50,
    "evYield": {
        "hp": 0,
        "attack": 0,
        "defence": 0,
        "special_attack": 1,
        "special_defence": 0,
        "speed": 0
    },
    "height": 1,
    "weight": 1
}