{
    "implemented": true,
    "name": "veluza",
    "nationalPokedexNumber": 0976,
    "primaryType": "water",
    "secondaryType": "psychic",
    "abilities": [
        "moldbreaker",
        
        "h:sharpness"
    ],
    "baseStats": {
        "hp": 90,
        "attack": 102,
        "defence": 73,
        "special_attack": 78,
        "special_defence": 65,
        "speed": 70
    },
    "behaviour": {
        "resting": {
            "canSleep": false,
            "depth": "normal",
            "light": "0-4"
        },
        "moving": {
            "canLook": false,
            "walk": {
                "canWalk": true,
                "avoidsLand": true
            },
            "swim": {
                "swimSpeed": 0.12,
                "canSwimInWater": true,
                "canBreatheUnderwater": true
            }
        }
    },
    "catchRate": 112,
    "maleRatio": 0.5,
    "shoulderMountable": false,
    
    "baseExperienceYield": 200,
    "experienceGroup": "erratic",
    "eggCycles": 15,
    "eggGroups": [
        "water_2"
        
    ],
    "drops": {
        "amount": "1",
        "entries": [
        {"item": "minecraft:salmon", "quantityRange": "1-2", "percentage": 50}
        ]
    },
    "moves": [
        "1:aquajet",
        "1:tackle",
        "7:pluck",
        "11:waterpulse",
        "15:focusenergy",
        "20:slash",
        "25:aquacutter",
        "30:filletaway",
        "35:nightslash",
        "40:psychocut",
        "45:liquidation",
        "50:crunch",
        "55:finalgambit"
    ],
    "labels": [
        "gen9"
    ],
    "pokedex": [
        "cobblemon.species.veluza.desc1",
        "cobblemon.species.veluza.desc2"
    ],
    
    
    "baseScale": 1.0,
    "hitbox": {
        "width": 0.5,
        "height": 1.0,
        "fixed": false
    },
    "baseFriendship": 50,
    "evYield": {
        "hp": 0,
        "attack": 1,
        "defence": 0,
        "special_attack": 0,
        "special_defence": 0,
        "speed": 0
    },
    "height": 1,
    "weight": 1
}