{
  "name": "Litwick",
  "nationalPokedexNumber": 607,
  "primaryType": "ghost",
  "secondaryType": "fire",
  "abilities": [
    "flashfire",
    "flamebody",
    "h:infiltrator"
  ],
  "baseStats": {
    "hp": 50,
    "attack": 30,
    "defence": 55,
    "special_attack": 65,
    "special_defence": 55,
    "speed": 20
  },
  "behaviour": {
    "resting": {
            "canSleep": true,
            "depth": "normal",
            "light": "14-15",
			"willSleepOnBed": true
        }
  },
  "catchRate": 190,
  "maleRatio": 0.5,
  "shoulderMountable": true,
  "baseExperienceYield": 55,
  "experienceGroup": "medium_slow",
  "eggCycles": 20,
  "eggGroups": [
    "amorphous"
  ],
  "moves": [
    "1:astonish",
    "1:ember",
    "3:minimize",
    "5:smog",
    "7:firespin",
    "10:confuseray",
    "13:nightshade",
    "16:willowisp",
    "20:flameburst",
    "24:imprison",
    "28:hex",
    "33:memento",
    "38:inferno",
    "43:curse",
    "49:shadowball",
    "55:painsplit",
    "61:overheat",
    "egg:acid",
    "egg:acidarmor",
    "egg:captivate",
    "egg:clearsmog",
    "egg:endure",
    "egg:haze",
    "egg:heatwave",
    "egg:powersplit",
    "tm:allyswitch",
    "tm:attract",
    "tm:calmmind",
    "tm:confide",
    "tm:darkpulse",
    "tm:doubleteam",
    "tm:dreameater",
    "tm:embargo",
    "tm:endure",
    "tm:energyball",
    "tm:facade",
    "tm:fireblast",
    "tm:firespin",
    "tm:flamecharge",
    "tm:flamethrower",
    "tm:flash",
    "tm:frustration",
    "tm:heatwave",
    "tm:hex",
    "tm:hiddenpower",
    "tm:imprison",
    "tm:incinerate",
    "tm:mysticalfire",
    "tm:overheat",
    "tm:payback",
    "tm:protect",
    "tm:psychic",
    "tm:psychup",
    "tm:rest",
    "tm:return",
    "tm:round",
    "tm:safeguard",
    "tm:secretpower",
    "tm:shadowball",
    "tm:sleeptalk",
    "tm:snore",
    "tm:solarbeam",
    "tm:substitute",
    "tm:sunnyday",
    "tm:swagger",
    "tm:taunt",
    "tm:telekinesis",
    "tm:thief",
    "tm:toxic",
    "tm:trick",
    "tm:trickroom",
    "tm:willowisp",
    "tutor:allyswitch",
    "tutor:burningjealousy",
    "tutor:darkpulse",
    "tutor:heatwave",
    "tutor:painsplit",
    "tutor:poltergeist",
    "tutor:shockwave",
    "tutor:skittersmack",
    "tutor:sleeptalk",
    "tutor:snore",
    "tutor:spite",
    "tutor:telekinesis",
    "tutor:trick"
  ],
  "labels": [
    "gen5"
  ],
  "pokedex": [
    "cobblemon.species.litwick.desc"
  ],
  "evolutions": [
    {
      "id": "litwick_lampent",
      "variant": "level_up",
      "result": "lampent",
      "consumeHeldItem": false,
      "learnableMoves": [],
      "requirements": [
        {
          "variant": "level",
          "minLevel": 41
        }
      ]
    }
  ],
  "baseScale": 1,
  "hitbox": {
    "width": 0.4,
    "height": 0.5,
    "fixed": false
  },
  "baseFriendship": 50,
  "evYield": {
    "hp": 0,
    "attack": 0,
    "defence": 0,
    "special_attack": 1,
    "special_defence": 0,
    "speed": 0
  },
  "height": 3,
  "weight": 31,
  "aspects": [],
  "cannotDynamax": false
}