{
  "enabled": true,
  "neededInstalledMods": [],
  "neededUninstalledMods": [],
  "spawns": [
    {
      "id": "giratina-1",
      "pokemon": "giratina",
      "presets": [
        "natural"
      ],
      "type": "pokemon",
      "context": "grounded",
      "bucket": "ultra-rare",
      "level": "55-60",
      "weight": 0.1,
      "condition": {
        "biomes": [ 
          "#minecraft:is_end"
           ],
           "neededBaseBlocks": [
            "minecraft:end_stone"
        ]
      }
    }
  ]
}