{
    "enabled": true,
    "neededInstalledMods": [],
    "neededUninstalledMods": [],
    "spawns": [
        {
            "id": "yveltal-1",
            "pokemon": "yveltal",
            "type": "pokemon",
            "context": "grounded",
            "bucket": "ultra-rare",
            "level": "70",
            "weight": 0.5,
            "condition": {
                "canSeeSky": true,
                "biomes": [
                    "#cobblemon:is_spooky"
                ],
                "timeRange": "night",
                "neededNearbyBlocks": [
                    "minecraft:dark_oak_log"
                ],
                "neededBaseBlocks": [
                    "minecraft:grass_block"
                ]
			}
		}
    ]
}