{
    "enabled": true,
    "neededInstalledMods": [],
    "neededUninstalledMods": [],
    "spawns": [
        {
            "id": "zorua-1",
            "pokemon": "zorua",
            "type": "pokemon",
            "context": "grounded",
            "bucket": "rare",
            "level": "18-29",
            "weight": 5,
            "condition": {
                "canSeeSky": true,
                "biomes": [
                    "#cobblemon:is_spooky",
                    "#cobblemon:is_plains",
                    "#cobblemon:is_taiga"
                ],
                "timeRange": "night"
			}
		}
    ]
}