{
	"species": "cobblemon:unown",
	"order": 0,
	"variations": [{
			"aspects": [
				"letter-a"
			],
			"poser": "cobblemon:unown",
			"model": "cobblemon:unown_a.geo",
			"texture": "cobblemon:textures/pokemon/0201_unown/unown_a.png",
			"layers": []
		},
		{
			"aspects": [
				"shiny",
				"letter-a"
			],
			"poser": "cobblemon:unown",
			"model": "cobblemon:unown_a.geo",
			"texture": "cobblemon:textures/pokemon/0201_unown/unown_a_shiny.png",
			"layers": []
		},
		{
			"aspects": [
				"letter-b"
			],
			"poser": "cobblemon:unown",
			"model": "cobblemon:unown_b.geo",
			"texture": "cobblemon:textures/pokemon/0201_unown/unown_b.png",
			"layers": []
		},
		{
			"aspects": [
				"shiny",
				"letter-b"
			],
			"poser": "cobblemon:unown",
			"model": "cobblemon:unown_b.geo",
			"texture": "cobblemon:textures/pokemon/0201_unown/unown_b_shiny.png",
			"layers": []
		},
		{
			"aspects": [
				"letter-c"
			],
			"poser": "cobblemon:unown",
			"model": "cobblemon:unown_c.geo",
			"texture": "cobblemon:textures/pokemon/0201_unown/unown_c.png",
			"layers": []
		},
		{
			"aspects": [
				"shiny",
				"letter-c"
			],
			"poser": "cobblemon:unown",
			"model": "cobblemon:unown_c.geo",
			"texture": "cobblemon:textures/pokemon/0201_unown/unown_c_shiny.png",
			"layers": []
		},
		{
			"aspects": [
				"letter-d"
			],
			"poser": "cobblemon:unown",
			"model": "cobblemon:unown_d.geo",
			"texture": "cobblemon:textures/pokemon/0201_unown/unown_d.png",
			"layers": []
		},
		{
			"aspects": [
				"shiny",
				"letter-d"
			],
			"poser": "cobblemon:unown",
			"model": "cobblemon:unown_d.geo",
			"texture": "cobblemon:textures/pokemon/0201_unown/unown_d_shiny.png",
			"layers": []
		},
		{
			"aspects": [
				"letter-e"
			],
			"poser": "cobblemon:unown",
			"model": "cobblemon:unown_e.geo",
			"texture": "cobblemon:textures/pokemon/0201_unown/unown_e.png",
			"layers": []
		},
		{
			"aspects": [
				"shiny",
				"letter-e"
			],
			"poser": "cobblemon:unown",
			"model": "cobblemon:unown_e.geo",
			"texture": "cobblemon:textures/pokemon/0201_unown/unown_e_shiny.png",
			"layers": []
		},
		{
			"aspects": [
				"letter-f"
			],
			"poser": "cobblemon:unown",
			"model": "cobblemon:unown_f.geo",
			"texture": "cobblemon:textures/pokemon/0201_unown/unown_f.png",
			"layers": []
		},
		{
			"aspects": [
				"shiny",
				"letter-f"
			],
			"poser": "cobblemon:unown",
			"model": "cobblemon:unown_f.geo",
			"texture": "cobblemon:textures/pokemon/0201_unown/unown_f_shiny.png",
			"layers": []
		},
		{
			"aspects": [
				"letter-g"
			],
			"poser": "cobblemon:unown",
			"model": "cobblemon:unown_g.geo",
			"texture": "cobblemon:textures/pokemon/0201_unown/unown_g.png",
			"layers": []
		},
		{
			"aspects": [
				"shiny",
				"letter-g"
			],
			"poser": "cobblemon:unown",
			"model": "cobblemon:unown_g.geo",
			"texture": "cobblemon:textures/pokemon/0201_unown/unown_g_shiny.png",
			"layers": []
		},
		{
			"aspects": [
				"letter-h"
			],
			"poser": "cobblemon:unown",
			"model": "cobblemon:unown_h.geo",
			"texture": "cobblemon:textures/pokemon/0201_unown/unown_h.png",
			"layers": []
		},
		{
			"aspects": [
				"shiny",
				"letter-h"
			],
			"poser": "cobblemon:unown",
			"model": "cobblemon:unown_h.geo",
			"texture": "cobblemon:textures/pokemon/0201_unown/unown_h_shiny.png",
			"layers": []
		},
		{
			"aspects": [
				"letter-i"
			],
			"poser": "cobblemon:unown",
			"model": "cobblemon:unown_i.geo",
			"texture": "cobblemon:textures/pokemon/0201_unown/unown_i.png",
			"layers": []
		},
		{
			"aspects": [
				"shiny",
				"letter-i"
			],
			"poser": "cobblemon:unown",
			"model": "cobblemon:unown_i.geo",
			"texture": "cobblemon:textures/pokemon/0201_unown/unown_i_shiny.png",
			"layers": []
		},
		{
			"aspects": [
				"letter-j"
			],
			"poser": "cobblemon:unown",
			"model": "cobblemon:unown_j.geo",
			"texture": "cobblemon:textures/pokemon/0201_unown/unown_j.png",
			"layers": []
		},
		{
			"aspects": [
				"shiny",
				"letter-j"
			],
			"poser": "cobblemon:unown",
			"model": "cobblemon:unown_j.geo",
			"texture": "cobblemon:textures/pokemon/0201_unown/unown_j_shiny.png",
			"layers": []
		},
		{
			"aspects": [
				"letter-k"
			],
			"poser": "cobblemon:unown",
			"model": "cobblemon:unown_k.geo",
			"texture": "cobblemon:textures/pokemon/0201_unown/unown_k.png",
			"layers": []
		},
		{
			"aspects": [
				"shiny",
				"letter-k"
			],
			"poser": "cobblemon:unown",
			"model": "cobblemon:unown_k.geo",
			"texture": "cobblemon:textures/pokemon/0201_unown/unown_k_shiny.png",
			"layers": []
		},
		{
			"aspects": [
				"letter-l"
			],
			"poser": "cobblemon:unown",
			"model": "cobblemon:unown_l.geo",
			"texture": "cobblemon:textures/pokemon/0201_unown/unown_l.png",
			"layers": []
		},
		{
			"aspects": [
				"shiny",
				"letter-l"
			],
			"poser": "cobblemon:unown",
			"model": "cobblemon:unown_l.geo",
			"texture": "cobblemon:textures/pokemon/0201_unown/unown_l_shiny.png",
			"layers": []
		},
		{
			"aspects": [
				"letter-m"
			],
			"poser": "cobblemon:unown",
			"model": "cobblemon:unown_m.geo",
			"texture": "cobblemon:textures/pokemon/0201_unown/unown_m.png",
			"layers": []
		},
		{
			"aspects": [
				"shiny",
				"letter-m"
			],
			"poser": "cobblemon:unown",
			"model": "cobblemon:unown_m.geo",
			"texture": "cobblemon:textures/pokemon/0201_unown/unown_m_shiny.png",
			"layers": []
		},
		{
			"aspects": [
				"letter-n"
			],
			"poser": "cobblemon:unown",
			"model": "cobblemon:unown_n.geo",
			"texture": "cobblemon:textures/pokemon/0201_unown/unown_n.png",
			"layers": []
		},
		{
			"aspects": [
				"shiny",
				"letter-n"
			],
			"poser": "cobblemon:unown",
			"model": "cobblemon:unown_n.geo",
			"texture": "cobblemon:textures/pokemon/0201_unown/unown_n_shiny.png",
			"layers": []
		},
		{
			"aspects": [
				"letter-o"
			],
			"poser": "cobblemon:unown",
			"model": "cobblemon:unown_o.geo",
			"texture": "cobblemon:textures/pokemon/0201_unown/unown_o.png",
			"layers": []
		},
		{
			"aspects": [
				"shiny",
				"letter-o"
			],
			"poser": "cobblemon:unown",
			"model": "cobblemon:unown_o.geo",
			"texture": "cobblemon:textures/pokemon/0201_unown/unown_o_shiny.png",
			"layers": []
		},
		{
			"aspects": [
				"letter-p"
			],
			"poser": "cobblemon:unown",
			"model": "cobblemon:unown_p.geo",
			"texture": "cobblemon:textures/pokemon/0201_unown/unown_p.png",
			"layers": []
		},
		{
			"aspects": [
				"shiny",
				"letter-p"
			],
			"poser": "cobblemon:unown",
			"model": "cobblemon:unown_p.geo",
			"texture": "cobblemon:textures/pokemon/0201_unown/unown_p_shiny.png",
			"layers": []
		},
		{
			"aspects": [
				"letter-q"
			],
			"poser": "cobblemon:unown",
			"model": "cobblemon:unown_q.geo",
			"texture": "cobblemon:textures/pokemon/0201_unown/unown_q.png",
			"layers": []
		},
		{
			"aspects": [
				"shiny",
				"letter-q"
			],
			"poser": "cobblemon:unown",
			"model": "cobblemon:unown_q.geo",
			"texture": "cobblemon:textures/pokemon/0201_unown/unown_q_shiny.png",
			"layers": []
		},
		{
			"aspects": [
				"letter-r"
			],
			"poser": "cobblemon:unown",
			"model": "cobblemon:unown_r.geo",
			"texture": "cobblemon:textures/pokemon/0201_unown/unown_r.png",
			"layers": []
		},
		{
			"aspects": [
				"shiny",
				"letter-r"
			],
			"poser": "cobblemon:unown",
			"model": "cobblemon:unown_r.geo",
			"texture": "cobblemon:textures/pokemon/0201_unown/unown_r_shiny.png",
			"layers": []
		},
		{
			"aspects": [
				"letter-s"
			],
			"poser": "cobblemon:unown",
			"model": "cobblemon:unown_s.geo",
			"texture": "cobblemon:textures/pokemon/0201_unown/unown_s.png",
			"layers": []
		},
		{
			"aspects": [
				"shiny",
				"letter-s"
			],
			"poser": "cobblemon:unown",
			"model": "cobblemon:unown_s.geo",
			"texture": "cobblemon:textures/pokemon/0201_unown/unown_s_shiny.png",
			"layers": []
		},
		{
			"aspects": [
				"letter-t"
			],
			"poser": "cobblemon:unown",
			"model": "cobblemon:unown_t.geo",
			"texture": "cobblemon:textures/pokemon/0201_unown/unown_t.png",
			"layers": []
		},
		{
			"aspects": [
				"shiny",
				"letter-t"
			],
			"poser": "cobblemon:unown",
			"model": "cobblemon:unown_t.geo",
			"texture": "cobblemon:textures/pokemon/0201_unown/unown_t_shiny.png",
			"layers": []
		},
		{
			"aspects": [
				"letter-u"
			],
			"poser": "cobblemon:unown",
			"model": "cobblemon:unown_u.geo",
			"texture": "cobblemon:textures/pokemon/0201_unown/unown_u.png",
			"layers": []
		},
		{
			"aspects": [
				"shiny",
				"letter-u"
			],
			"poser": "cobblemon:unown",
			"model": "cobblemon:unown_u.geo",
			"texture": "cobblemon:textures/pokemon/0201_unown/unown_u_shiny.png",
			"layers": []
		},
		{
			"aspects": [
				"letter-v"
			],
			"poser": "cobblemon:unown",
			"model": "cobblemon:unown_v.geo",
			"texture": "cobblemon:textures/pokemon/0201_unown/unown_v.png",
			"layers": []
		},
		{
			"aspects": [
				"shiny",
				"letter-v"
			],
			"poser": "cobblemon:unown",
			"model": "cobblemon:unown_v.geo",
			"texture": "cobblemon:textures/pokemon/0201_unown/unown_v_shiny.png",
			"layers": []
		},
		{
			"aspects": [
				"letter-w"
			],
			"poser": "cobblemon:unown",
			"model": "cobblemon:unown_w.geo",
			"texture": "cobblemon:textures/pokemon/0201_unown/unown_w.png",
			"layers": []
		},
		{
			"aspects": [
				"shiny",
				"letter-w"
			],
			"poser": "cobblemon:unown",
			"model": "cobblemon:unown_w.geo",
			"texture": "cobblemon:textures/pokemon/0201_unown/unown_w_shiny.png",
			"layers": []
		},
		{
			"aspects": [
				"letter-x"
			],
			"poser": "cobblemon:unown",
			"model": "cobblemon:unown_x.geo",
			"texture": "cobblemon:textures/pokemon/0201_unown/unown_x.png",
			"layers": []
		},
		{
			"aspects": [
				"shiny",
				"letter-x"
			],
			"poser": "cobblemon:unown",
			"model": "cobblemon:unown_x.geo",
			"texture": "cobblemon:textures/pokemon/0201_unown/unown_x_shiny.png",
			"layers": []
		},
		{
			"aspects": [
				"letter-y"
			],
			"poser": "cobblemon:unown",
			"model": "cobblemon:unown_y.geo",
			"texture": "cobblemon:textures/pokemon/0201_unown/unown_y.png",
			"layers": []
		},
		{
			"aspects": [
				"shiny",
				"letter-y"
			],
			"poser": "cobblemon:unown",
			"model": "cobblemon:unown_y.geo",
			"texture": "cobblemon:textures/pokemon/0201_unown/unown_y_shiny.png",
			"layers": []
		},
		{
			"aspects": [
				"letter-z"
			],
			"poser": "cobblemon:unown",
			"model": "cobblemon:unown_z.geo",
			"texture": "cobblemon:textures/pokemon/0201_unown/unown_z.png",
			"layers": []
		},
		{
			"aspects": [
				"shiny",
				"letter-z"
			],
			"poser": "cobblemon:unown",
			"model": "cobblemon:unown_z.geo",
			"texture": "cobblemon:textures/pokemon/0201_unown/unown_z_shiny.png",
			"layers": []
		},
		{
			"aspects": [
				"letter-exclamation"
			],
			"poser": "cobblemon:unown",
			"model": "cobblemon:unown_exclamation.geo",
			"texture": "cobblemon:textures/pokemon/0201_unown/unown_exclamation.png",
			"layers": []
		},
		{
			"aspects": [
				"shiny",
				"letter-exclamation"
			],
			"poser": "cobblemon:unown",
			"model": "cobblemon:unown_exclamation.geo",
			"texture": "cobblemon:textures/pokemon/0201_unown/unown_exclamation_shiny.png",
			"layers": []
		},
		{
			"aspects": [
				"letter-question"
			],
			"poser": "cobblemon:unown",
			"model": "cobblemon:unown_question.geo",
			"texture": "cobblemon:textures/pokemon/0201_unown/unown_question.png",
			"layers": []
		},
		{
			"aspects": [
				"shiny",
				"letter-question"
			],
			"poser": "cobblemon:unown",
			"model": "cobblemon:unown_question.geo",
			"texture": "cobblemon:textures/pokemon/0201_unown/unown_question_shiny.png",
			"layers": []
		}
	]
}