{
	"format_version": "1.12.0",
	"minecraft:geometry": [
		{
			"description": {
				"identifier": "geometry.trapinch",
				"texture_width": 64,
				"texture_height": 64,
				"visible_bounds_width": 3,
				"visible_bounds_height": 2.5,
				"visible_bounds_offset": [0, 0.75, 0]
			},
			"bones": [
				{
					"name": "root",
					"pivot": [0, 0, 0]
				},
				{
					"name": "body",
					"parent": "root",
					"pivot": [0, 0, 0]
				},
				{
					"name": "bone",
					"parent": "body",
					"pivot": [0, 3.5, 0],
					"cubes": [
						{"origin": [-3, 1.5, -3], "size": [6, 4, 6], "uv": [0, 24]}
					]
				},
				{
					"name": "leg1",
					"parent": "body",
					"pivot": [3, 3, -2.5],
					"rotation": [-5, 0, -5],
					"cubes": [
						{"origin": [2, 0, -3.5], "size": [2, 3, 2], "uv": [0, 13]}
					]
				},
				{
					"name": "leg2",
					"parent": "body",
					"pivot": [-3, 3, -2],
					"rotation": [-5, 0, 5],
					"cubes": [
						{"origin": [-4, 0, -3.5], "size": [2, 3, 2], "uv": [0, 0]}
					]
				},
				{
					"name": "leg3",
					"parent": "body",
					"pivot": [-3, 3, 2.5],
					"rotation": [5, 0, 5],
					"cubes": [
						{"origin": [-4, 0, 1.5], "size": [2, 3, 2], "uv": [0, 13]}
					]
				},
				{
					"name": "leg4",
					"parent": "body",
					"pivot": [3, 3, 2.5],
					"rotation": [5, 0, -5],
					"cubes": [
						{"origin": [2, 0, 1.5], "size": [2, 3, 2], "uv": [0, 0]}
					]
				},
				{
					"name": "head",
					"parent": "body",
					"pivot": [0, 5.5, -3],
					"cubes": [
						{"origin": [-3.5, 6, -10], "size": [7, 4, 7], "uv": [1, 0]},
						{"origin": [-3.51, 5, -10], "size": [0, 2, 4], "uv": [0, 33]},
						{"origin": [3.51, 5, -10], "size": [0, 2, 4], "uv": [0, 33]},
						{"origin": [-3.5, 5, -10.01], "size": [7, 3, 0], "uv": [0, 34]},
						{"origin": [-2.5, 3.5, -4], "size": [5, 5, 2], "uv": [26, 24]}
					]
				},
				{
					"name": "chin",
					"parent": "head",
					"pivot": [0, 6, -5],
					"cubes": [
						{"origin": [-3.5, 3, -10], "size": [7, 3, 7], "uv": [1, 13]}
					]
				},
				{
					"name": "eye1",
					"parent": "head",
					"pivot": [4.05, 6.5, -4],
					"cubes": [
						{"origin": [3.55, 6.5, -5.5], "size": [0, 2, 2], "uv": [0, 3]}
					]
				},
				{
					"name": "eye2",
					"parent": "head",
					"pivot": [-4.05, 6.5, -4],
					"cubes": [
						{"origin": [-3.55, 6.5, -5.5], "size": [0, 2, 2], "uv": [0, 3], "mirror": true}
					]
				}
			]
		}
	]
}