{
    "enabled": true,
    "neededInstalledMods": [],
    "neededUninstalledMods": [],
    "spawns": [
        {
            "id": "morpeko-1",
            "pokemon": "morpeko",
            "type": "pokemon",
            "context": "grounded",
            "bucket": "rare",
            "level": "15-32",
            "weight": 3.8,
            "condition": {
                "canSeeSky": true,
                "biomes": [
                    "#cobblemon:is_spooky"
                ]
            }
        }
    ]
}