{
	"format_version": "1.12.0",
	"minecraft:geometry": [
		{
			"description": {
				"identifier": "geometry.unown",
				"texture_width": 16,
				"texture_height": 16,
				"visible_bounds_width": 2,
				"visible_bounds_height": 2.5,
				"visible_bounds_offset": [0, 0.75, 0]
			},
			"bones": [
				{
					"name": "unown",
					"pivot": [0, 0, 0]
				},
				{
					"name": "bone",
					"parent": "unown",
					"pivot": [0, -1, 0]
				},
				{
					"name": "bone2",
					"parent": "bone",
					"pivot": [0, -1, 0],
					"cubes": [
						{"origin": [-0.5, 6.6, -0.9], "size": [1, 1, 1], "uv": [8, 5]},
						{"origin": [-0.58134, 9.68838, -0.899], "size": [2, 1, 1], "inflate": 0.001, "uv": [8, 0]},
						{"origin": [1.22209, 7.64928, -0.899], "size": [1, 3, 1], "pivot": [1.72209, 8.64928, -0.399], "rotation": [0, 0, -22.5], "uv": [0, 12]},
						{"origin": [1.0504, 5.81419, -0.9], "size": [1, 3, 1], "inflate": 0.002, "pivot": [1.5504, 7.81419, -0.4], "rotation": [0, 0, 70], "uv": [8, 9]}
					]
				},
				{
					"name": "body",
					"parent": "unown",
					"pivot": [0, -4, 0],
					"cubes": [
						{"origin": [-1.5, 2.6, -0.1], "size": [3, 3, 1], "uv": [0, 4]},
						{"origin": [1.5, 2.6, -0.9], "size": [1, 3, 1], "uv": [4, 8]},
						{"origin": [-2.5, 2.6, -0.9], "size": [1, 3, 1], "uv": [0, 8]},
						{"origin": [-1.5, 1.6, -0.9], "size": [3, 1, 1], "uv": [7, 7]},
						{"origin": [-1.5, 5.6, -0.9], "size": [3, 1, 1], "uv": [7, 3]}
					]
				},
				{
					"name": "eye",
					"parent": "unown",
					"pivot": [0, -4, 0.1],
					"cubes": [
						{"origin": [-1.5, 2.6, -0.9], "size": [3, 3, 1], "uv": [0, 0]}
					]
				}
			]
		}
	]
}