{
	"format_version": "1.12.0",
	"minecraft:geometry": [
		{
			"description": {
				"identifier": "geometry.unown",
				"texture_width": 16,
				"texture_height": 16,
				"visible_bounds_width": 2,
				"visible_bounds_height": 2.5,
				"visible_bounds_offset": [0, 0.75, 0]
			},
			"bones": [
				{
					"name": "unown",
					"pivot": [0, 0, 0]
				},
				{
					"name": "bone",
					"parent": "unown",
					"pivot": [0.5, 2, 0],
					"cubes": [
						{"origin": [-3, 9.6, -0.9], "size": [1, 1, 1], "uv": [4, 10]},
						{"origin": [-1, 1.6, -0.9], "size": [1, 3, 1], "uv": [10, 2]}
					]
				},
				{
					"name": "body",
					"parent": "unown",
					"pivot": [0.5, -1, 0],
					"cubes": [
						{"origin": [-1, 5.6, -0.1], "size": [3, 3, 1], "uv": [0, 6]},
						{"origin": [2, 5.6, -0.9], "size": [1, 3, 1], "uv": [0, 10]},
						{"origin": [-2, 5.6, -0.9], "size": [1, 3, 1], "uv": [8, 6]},
						{"origin": [-1, 4.6, -0.9], "size": [3, 1, 1], "uv": [8, 0]},
						{"origin": [-2, 8.6, -0.9], "size": [4, 1, 1], "uv": [0, 4]}
					]
				},
				{
					"name": "eye",
					"parent": "unown",
					"pivot": [0.5, -1, 0.1],
					"cubes": [
						{"origin": [-1, 5.6, -0.9], "size": [3, 3, 1], "uv": [0, 0]}
					]
				}
			]
		}
	]
}