{
	"format_version": "1.12.0",
	"minecraft:geometry": [
		{
			"description": {
				"identifier": "geometry.unown",
				"texture_width": 16,
				"texture_height": 16,
				"visible_bounds_width": 2,
				"visible_bounds_height": 2.5,
				"visible_bounds_offset": [0, 0.75, 0]
			},
			"bones": [
				{
					"name": "unown",
					"pivot": [0, 0, 0]
				},
				{
					"name": "bone",
					"parent": "unown",
					"pivot": [0.03293, 1, 0],
					"cubes": [
						{"origin": [1.53293, 0.35, -0.9], "size": [1, 5, 1], "pivot": [2.03293, 4.1, -0.4], "rotation": [0, 0, -45], "uv": [0, 8]},
						{"origin": [1.53293, 8.6, -0.9], "size": [1, 5, 1], "pivot": [2.03293, 4.1, -0.4], "rotation": [0, 0, -45], "uv": [0, 8]}
					]
				},
				{
					"name": "bone2",
					"parent": "bone",
					"pivot": [0.03293, 11.25, 0],
					"cubes": [
						{"origin": [1.53293, 6.9, -0.9], "size": [1, 5, 1], "pivot": [2.03293, 8.15, -0.4], "rotation": [0, 0, 45], "uv": [0, 8]},
						{"origin": [1.53293, -1.35, -0.9], "size": [1, 5, 1], "pivot": [2.03293, 8.15, -0.4], "rotation": [0, 0, 45], "uv": [0, 8]}
					]
				},
				{
					"name": "body",
					"parent": "unown",
					"pivot": [0.03293, -2, 0],
					"cubes": [
						{"origin": [-1.46707, 4.6, -0.1], "size": [3, 3, 1], "inflate": 0.001, "uv": [0, 4]},
						{"origin": [1.53293, 4.6, -0.9], "size": [1, 3, 1], "inflate": 0.01, "uv": [8, 9]},
						{"origin": [-2.46707, 4.6, -0.9], "size": [1, 3, 1], "inflate": 0.001, "uv": [4, 8]},
						{"origin": [-1.46707, 3.6, -0.9], "size": [3, 1, 1], "inflate": 0.01, "uv": [7, 7]},
						{"origin": [-1.46707, 7.6, -0.9], "size": [3, 1, 1], "inflate": 0.001, "uv": [7, 3]}
					]
				},
				{
					"name": "eye",
					"parent": "unown",
					"pivot": [0.03293, -2, 0.1],
					"cubes": [
						{"origin": [-1.46707, 4.6, -0.9], "size": [3, 3, 1], "inflate": 0.01, "uv": [0, 0]}
					]
				}
			]
		}
	]
}