{
	"format_version": "1.12.0",
	"minecraft:geometry": [
		{
			"description": {
				"identifier": "geometry.unown",
				"texture_width": 32,
				"texture_height": 32,
				"visible_bounds_width": 2,
				"visible_bounds_height": 2.5,
				"visible_bounds_offset": [0, 0.75, 0]
			},
			"bones": [
				{
					"name": "unown",
					"pivot": [0, 0, 0]
				},
				{
					"name": "eye",
					"parent": "unown",
					"pivot": [0, 0, 0.1],
					"cubes": [
						{"origin": [-1.5, 6.6, -0.9], "size": [3, 3, 1], "uv": [0, 4]}
					]
				},
				{
					"name": "body",
					"parent": "unown",
					"pivot": [0, 0, 0],
					"cubes": [
						{"origin": [-1.5, 6.6, -0.1], "size": [3, 3, 1], "uv": [0, 0]},
						{"origin": [1.5, 6.6, -0.9], "size": [1, 3, 1], "uv": [11, 9]},
						{"origin": [-2.5, 6.6, -0.9], "size": [1, 3, 1], "uv": [11, 5]},
						{"origin": [-1.5, 5.6, -0.9], "size": [3, 1, 1], "uv": [8, 0]},
						{"origin": [-1.5, 9.6, -0.9], "size": [3, 1, 1], "uv": [7, 3]}
					]
				},
				{
					"name": "bone",
					"parent": "unown",
					"pivot": [0, 3, 0],
					"cubes": [
						{"origin": [3.5, 5.6, -0.9], "size": [1, 5, 1], "uv": [0, 8]},
						{"origin": [-4.5, 5.6, -0.9], "size": [1, 5, 1], "uv": [7, 7]},
						{"origin": [2.5, 7.6, -0.9], "size": [1, 1, 1], "uv": [14, 14]},
						{"origin": [-3.5, 7.6, -0.9], "size": [1, 1, 1], "uv": [14, 12]},
						{"origin": [2.5, 4.6, -0.9], "size": [1, 1, 1], "uv": [14, 8]},
						{"origin": [-3.5, 4.6, -0.9], "size": [1, 1, 1], "uv": [14, 4]},
						{"origin": [-2.5, 3.6, -0.9], "size": [1, 1, 1], "uv": [4, 14]},
						{"origin": [1.5, 3.6, -0.9], "size": [1, 1, 1], "uv": [14, 2]},
						{"origin": [2.5, 10.6, -0.9], "size": [1, 1, 1], "uv": [0, 14]},
						{"origin": [-3.5, 10.6, -0.9], "size": [1, 1, 1], "uv": [11, 13]},
						{"origin": [-2.5, 11.6, -0.9], "size": [1, 1, 1], "uv": [7, 13]},
						{"origin": [1.5, 11.6, -0.9], "size": [1, 1, 1], "uv": [4, 12]}
					]
				}
			]
		}
	]
}