{
	"format_version": "1.12.0",
	"minecraft:geometry": [
		{
			"description": {
				"identifier": "geometry.unown",
				"texture_width": 32,
				"texture_height": 32,
				"visible_bounds_width": 2,
				"visible_bounds_height": 2.5,
				"visible_bounds_offset": [0, 0.75, 0]
			},
			"bones": [
				{
					"name": "unown",
					"pivot": [0, 0, 0]
				},
				{
					"name": "bone",
					"parent": "unown",
					"pivot": [0, -1, 0],
					"cubes": [
						{"origin": [1.5, 6.6, -0.9], "size": [1, 1, 1], "uv": [4, 12]},
						{"origin": [-2.5, 6.6, -0.9], "size": [1, 1, 1], "uv": [11, 10]},
						{"origin": [2.5, 7.6, -0.9], "size": [1, 1, 1], "uv": [7, 11]},
						{"origin": [-3.5, 7.6, -0.9], "size": [1, 1, 1], "uv": [4, 10]},
						{"origin": [-3.5, 8.6, -0.9], "size": [8, 1, 1], "uv": [0, 0]}
					]
				},
				{
					"name": "body",
					"parent": "unown",
					"pivot": [0, -4, 0],
					"cubes": [
						{"origin": [-1.5, 2.6, -0.1], "size": [3, 3, 1], "uv": [0, 6]},
						{"origin": [1.5, 2.6, -0.9], "size": [1, 3, 1], "uv": [0, 10]},
						{"origin": [-2.5, 2.6, -0.9], "size": [1, 3, 1], "uv": [8, 7]},
						{"origin": [-1.5, 1.6, -0.9], "size": [3, 1, 1], "uv": [8, 2]},
						{"origin": [-1.5, 5.6, -0.9], "size": [3, 1, 1], "uv": [7, 5]}
					]
				},
				{
					"name": "eye",
					"parent": "unown",
					"pivot": [0, -4, 0.1],
					"cubes": [
						{"origin": [-1.5, 2.6, -0.9], "size": [3, 3, 1], "uv": [0, 2]}
					]
				}
			]
		}
	]
}