{
	"format_version": "1.12.0",
	"minecraft:geometry": [
		{
			"description": {
				"identifier": "geometry.unown",
				"texture_width": 32,
				"texture_height": 32,
				"visible_bounds_width": 2,
				"visible_bounds_height": 2.5,
				"visible_bounds_offset": [0, 0.75, 0]
			},
			"bones": [
				{
					"name": "unown",
					"pivot": [0, 0, 0]
				},
				{
					"name": "bone",
					"parent": "unown",
					"pivot": [0.12132, 1, 0],
					"cubes": [
						{"origin": [1.62132, 1.6, -0.9], "size": [1, 4, 1], "pivot": [2.12132, 4.1, -0.4], "rotation": [0, 0, -45], "uv": [11, 10]},
						{"origin": [3.68436, 2.73463, -0.9], "size": [1, 6, 1], "inflate": -0.001, "pivot": [4.18436, 5.23463, -0.4], "rotation": [0, 0, 10], "uv": [0, 8]},
						{"origin": [-4.51071, 3.69282, -0.9], "size": [1, 6, 1], "inflate": -0.001, "pivot": [-4.01071, 8.19282, -0.4], "rotation": [0, 0, 10], "uv": [7, 7]},
						{"origin": [1.62132, 8.6, -0.9], "size": [1, 4, 1], "pivot": [2.12132, 4.1, -0.4], "rotation": [0, 0, -45], "uv": [11, 5]}
					]
				},
				{
					"name": "body",
					"parent": "unown",
					"pivot": [0.12132, -2, 0],
					"cubes": [
						{"origin": [-1.37868, 4.6, -0.1], "size": [3, 3, 1], "uv": [0, 4]},
						{"origin": [1.62132, 4.6, -0.9], "size": [1, 3, 1], "inflate": 0.001, "uv": [8, 14]},
						{"origin": [-2.37868, 4.6, -0.9], "size": [1, 3, 1], "inflate": 0.001, "uv": [4, 13]},
						{"origin": [-1.37868, 3.6, -0.9], "size": [3, 1, 1], "inflate": 0.001, "uv": [8, 0]},
						{"origin": [-1.37868, 7.6, -0.9], "size": [3, 1, 1], "inflate": 0.001, "uv": [7, 3]}
					]
				},
				{
					"name": "eye",
					"parent": "unown",
					"pivot": [0.12132, -2, 0.1],
					"cubes": [
						{"origin": [-1.37868, 4.6, -0.9], "size": [3, 3, 1], "inflate": 0.001, "uv": [0, 0]}
					]
				}
			]
		}
	]
}