{
	"format_version": "1.12.0",
	"minecraft:geometry": [
		{
			"description": {
				"identifier": "geometry.unown",
				"texture_width": 32,
				"texture_height": 32,
				"visible_bounds_width": 2,
				"visible_bounds_height": 2.5,
				"visible_bounds_offset": [0, 0.75, 0]
			},
			"bones": [
				{
					"name": "unown",
					"pivot": [0, 0, 0]
				},
				{
					"name": "bone",
					"parent": "unown",
					"pivot": [0, 11, 0],
					"cubes": [
						{"origin": [-0.5, 1.4, -0.9], "size": [1, 2, 1], "uv": [16, 7]},
						{"origin": [-2.43431, 1.34437, -0.9], "size": [5, 1, 1], "inflate": 0.001, "uv": [0, 0]}
					]
				},
				{
					"name": "bone2",
					"parent": "bone",
					"pivot": [-3, 2.9, -0.4],
					"cubes": [
						{"origin": [-3.7, 1.4, -0.9], "size": [1, 3, 1], "pivot": [-3, 2.9, -0.4], "rotation": [0, 0, -45], "uv": [7, 13]},
						{"origin": [-3.7, 6.53137, -0.9], "size": [1, 1, 1], "pivot": [-3, 8.03137, -0.4], "rotation": [0, 0, 45], "uv": [15, 3]},
						{"origin": [-4.55563, 3.46569, -0.9], "size": [1, 4, 1], "inflate": -0.001, "uv": [0, 10]},
						{"origin": [-3, 3.2, -0.9], "size": [1, 2, 1], "inflate": -0.001, "pivot": [-3, 2.9, -0.4], "rotation": [0, 0, 45], "uv": [15, 0]}
					]
				},
				{
					"name": "bone3",
					"parent": "bone2",
					"pivot": [-3, 2.9, -0.4],
					"cubes": [
						{"origin": [2.83137, 1.4, -0.9], "size": [1, 3, 1], "pivot": [3.13137, 2.9, -0.4], "rotation": [0, 0, 45], "uv": [12, 7]},
						{"origin": [2.83137, 6.53137, -0.9], "size": [1, 1, 1], "pivot": [3.13137, 8.03137, -0.4], "rotation": [0, 0, -45], "uv": [14, 14]},
						{"origin": [3.68701, 3.46569, -0.9], "size": [1, 4, 1], "inflate": -0.001, "uv": [8, 7]},
						{"origin": [1.88137, 3.2, -0.9], "size": [1, 2, 1], "inflate": -0.001, "pivot": [3.13137, 2.9, -0.4], "rotation": [0, 0, -45], "uv": [3, 14]}
					]
				},
				{
					"name": "body",
					"parent": "unown",
					"pivot": [0, -3, 0],
					"cubes": [
						{"origin": [-1.5, 3.6, -0.1], "size": [3, 3, 1], "uv": [0, 6]},
						{"origin": [1.5, 3.6, -0.9], "size": [1, 3, 1], "uv": [11, 11]},
						{"origin": [-2.5, 3.6, -0.9], "size": [1, 3, 1], "uv": [4, 10]},
						{"origin": [-1.5, 2.6, -0.9], "size": [3, 1, 1], "inflate": 0.0001, "uv": [8, 2]},
						{"origin": [-1.5, 6.6, -0.9], "size": [3, 1, 1], "uv": [7, 5]}
					]
				},
				{
					"name": "eye",
					"parent": "unown",
					"pivot": [0, -3, 0.1],
					"cubes": [
						{"origin": [-1.5, 3.6, -0.9], "size": [3, 3, 1], "uv": [0, 2]}
					]
				}
			]
		}
	]
}