{
	"format_version": "1.12.0",
	"minecraft:geometry": [
		{
			"description": {
				"identifier": "geometry.unown",
				"texture_width": 32,
				"texture_height": 32,
				"visible_bounds_width": 2,
				"visible_bounds_height": 2.5,
				"visible_bounds_offset": [0, 0.75, 0]
			},
			"bones": [
				{
					"name": "unown",
					"pivot": [0, 0, 0]
				},
				{
					"name": "eye",
					"parent": "unown",
					"pivot": [0, -1, 0.1],
					"cubes": [
						{"origin": [-1.5, 5.6, -0.9], "size": [3, 3, 1], "uv": [4, 8]}
					]
				},
				{
					"name": "body",
					"parent": "unown",
					"pivot": [0, -1, 0],
					"cubes": [
						{"origin": [-1.5, 5.6, -0.1], "size": [3, 3, 1], "uv": [4, 4]},
						{"origin": [1.5, 5.6, -0.9], "size": [1, 3, 1], "uv": [8, 12]},
						{"origin": [-2.5, 5.6, -0.9], "size": [1, 3, 1], "uv": [4, 12]},
						{"origin": [-1.5, 4.6, -0.9], "size": [3, 1, 1], "uv": [11, 11]},
						{"origin": [-1.5, 8.6, -0.9], "size": [3, 1, 1], "uv": [11, 7]}
					]
				},
				{
					"name": "C",
					"parent": "unown",
					"pivot": [0, -1, 0.1],
					"cubes": [
						{"origin": [2.5, 6.6, -0.9], "size": [1, 1, 1], "uv": [14, 2]},
						{"origin": [-0.5, 1.6, -0.9], "size": [1, 1, 1], "uv": [12, 13]},
						{"origin": [-3.5, 2.6, -0.9], "size": [4, 1, 1], "uv": [4, 2]},
						{"origin": [-2.5, 8.6, -0.9], "size": [1, 1, 1], "uv": [12, 9]},
						{"origin": [-3.5, 9.6, -0.9], "size": [1, 1, 1], "uv": [12, 4]},
						{"origin": [-3.5, 10.6, -0.9], "size": [7, 1, 1], "uv": [0, 0]},
						{"origin": [3.5, 6.6, -0.9], "size": [1, 4, 1], "uv": [0, 10]},
						{"origin": [-4.5, 3.6, -0.9], "size": [1, 7, 1], "uv": [0, 2]}
					]
				}
			]
		}
	]
}