{
	"format_version": "1.8.0",
	"animations": {
		"animation.vibrava.ground_idle": {
			"loop": true,
			"animation_length": 2,
			"bones": {
				"bb_main": {
					"rotation": [-10, 0, 0],
					"position": {
						"0.0": {
							"post": [0, 3, 0],
							"lerp_mode": "catmullrom"
						},
						"0.5": {
							"post": [-0.3, 3.05, 0],
							"lerp_mode": "catmullrom"
						},
						"1.0": {
							"post": [0, 3.1, 0],
							"lerp_mode": "catmullrom"
						},
						"1.5": {
							"post": [0.3, 3.05, 0],
							"lerp_mode": "catmullrom"
						},
						"2.0": {
							"post": [0, 3, 0],
							"lerp_mode": "catmullrom"
						}
					}
				},
				"head": {
					"rotation": {
						"0.0": {
							"post": [10, 0, 0],
							"lerp_mode": "catmullrom"
						},
						"0.25": {
							"post": [12.5, 0, 0],
							"lerp_mode": "catmullrom"
						},
						"0.5": {
							"post": [10, 0, 0],
							"lerp_mode": "catmullrom"
						},
						"0.75": {
							"post": [12.5, 0, 0],
							"lerp_mode": "catmullrom"
						},
						"1.0": {
							"post": [10, 0, 0],
							"lerp_mode": "catmullrom"
						},
						"1.25": {
							"post": [12.5, 0, 0],
							"lerp_mode": "catmullrom"
						},
						"1.5": {
							"post": [10, 0, 0],
							"lerp_mode": "catmullrom"
						},
						"1.75": {
							"post": [12.5, 0, 0],
							"lerp_mode": "catmullrom"
						},
						"2.0": {
							"post": [10, 0, 0],
							"lerp_mode": "catmullrom"
						}
					}
				},
				"antina1": {
					"rotation": {
						"0.0": {
							"post": [0, 0, 0],
							"lerp_mode": "catmullrom"
						},
						"0.5": {
							"post": [-5, 0, 0],
							"lerp_mode": "catmullrom"
						},
						"1.5": {
							"post": [0, 0, 0],
							"lerp_mode": "catmullrom"
						},
						"2.0": {
							"post": [0, 0, 0],
							"lerp_mode": "catmullrom"
						}
					}
				},
				"bone": {
					"rotation": {
						"0.0": {
							"post": [0, 0, 0],
							"lerp_mode": "catmullrom"
						},
						"1.0": {
							"post": [-5, 0, 0],
							"lerp_mode": "catmullrom"
						},
						"2.0": {
							"post": [0, 0, 0],
							"lerp_mode": "catmullrom"
						}
					}
				},
				"antina2": {
					"rotation": {
						"0.0": {
							"post": [0, 0, 0],
							"lerp_mode": "catmullrom"
						},
						"0.5": {
							"post": [2.5, 0, 0],
							"lerp_mode": "catmullrom"
						},
						"1.5": {
							"post": [-5, 0, 0],
							"lerp_mode": "catmullrom"
						},
						"2.0": {
							"post": [0, 0, 0],
							"lerp_mode": "catmullrom"
						}
					}
				},
				"bone2": {
					"rotation": {
						"0.0": {
							"post": [-5, 0, 0],
							"lerp_mode": "catmullrom"
						},
						"1.0": {
							"post": [5, 0, 0],
							"lerp_mode": "catmullrom"
						},
						"2.0": {
							"post": [-5, 0, 0],
							"lerp_mode": "catmullrom"
						}
					}
				},
				"leg1": {
					"rotation": {
						"0.0": {
							"post": [11.5, -10, 35],
							"lerp_mode": "catmullrom"
						},
						"1.0": {
							"post": [11.5, -10, 40],
							"lerp_mode": "catmullrom"
						},
						"2.0": {
							"post": [11.5, -10, 35],
							"lerp_mode": "catmullrom"
						}
					}
				},
				"bone3": {
					"rotation": {
						"0.0": {
							"post": [0, 0, -30],
							"lerp_mode": "catmullrom"
						},
						"1.0": {
							"post": [0, 0, -25],
							"lerp_mode": "catmullrom"
						},
						"2.0": {
							"post": [0, 0, -30],
							"lerp_mode": "catmullrom"
						}
					}
				},
				"bone4": {
					"rotation": [0, 0, 25]
				},
				"leg2": {
					"rotation": [-10, -10, 15]
				},
				"tail": {
					"rotation": {
						"0.0": {
							"post": [-5, 0, 0],
							"lerp_mode": "catmullrom"
						},
						"0.5": {
							"post": [-10, -10, -1],
							"lerp_mode": "catmullrom"
						},
						"1.0": {
							"post": [-5, 0, 0],
							"lerp_mode": "catmullrom"
						},
						"1.5": {
							"post": [-10, 10, 1],
							"lerp_mode": "catmullrom"
						},
						"2.0": {
							"post": [-5, 0, 0],
							"lerp_mode": "catmullrom"
						}
					}
				},
				"leg3": {
					"rotation": {
						"0.0": {
							"post": [11.5, 10, -35],
							"lerp_mode": "catmullrom"
						},
						"1.0": {
							"post": [11.5, 10, -40],
							"lerp_mode": "catmullrom"
						},
						"2.0": {
							"post": [11.5, 10, -35],
							"lerp_mode": "catmullrom"
						}
					}
				},
				"bone7": {
					"rotation": {
						"0.0": {
							"post": [0, 0, 30],
							"lerp_mode": "catmullrom"
						},
						"1.0": {
							"post": [0, 0, 25],
							"lerp_mode": "catmullrom"
						},
						"2.0": {
							"post": [0, 0, 30],
							"lerp_mode": "catmullrom"
						}
					}
				},
				"bone8": {
					"rotation": [0, 0, -25]
				},
				"leg4": {
					"rotation": [-10, 10, -15]
				},
				"bone11": {
					"rotation": {
						"0.0": {
							"post": [-15, 0, 0],
							"lerp_mode": "catmullrom"
						},
						"0.5": {
							"post": [-15, -5, 10],
							"lerp_mode": "catmullrom"
						},
						"1.0": {
							"post": [-15, 0, 0],
							"lerp_mode": "catmullrom"
						},
						"1.5": {
							"post": [-15, 5, -10],
							"lerp_mode": "catmullrom"
						},
						"2.0": {
							"post": [-15, 0, 0],
							"lerp_mode": "catmullrom"
						}
					}
				},
				"wingL2": {
					"rotation": {
						"0.0": {
							"post": [5, 10, -30],
							"lerp_mode": "catmullrom"
						},
						"0.0833": {
							"post": [0, 0, -10],
							"lerp_mode": "catmullrom"
						},
						"0.1667": {
							"post": [5, 20, -25],
							"lerp_mode": "catmullrom"
						},
						"0.25": {
							"post": [0, 0, 0],
							"lerp_mode": "catmullrom"
						},
						"0.3333": {
							"post": [5, 10, -30],
							"lerp_mode": "catmullrom"
						},
						"0.4167": {
							"post": [0, 0, -10],
							"lerp_mode": "catmullrom"
						},
						"0.5": {
							"post": [5, 10, -30],
							"lerp_mode": "catmullrom"
						},
						"0.5833": {
							"post": [0, 0, -10],
							"lerp_mode": "catmullrom"
						},
						"0.6667": {
							"post": [5, 20, -25],
							"lerp_mode": "catmullrom"
						},
						"0.75": {
							"post": [0, 0, 0],
							"lerp_mode": "catmullrom"
						},
						"0.8333": {
							"post": [5, 10, -30],
							"lerp_mode": "catmullrom"
						},
						"0.9167": {
							"post": [0, 0, -10],
							"lerp_mode": "catmullrom"
						},
						"1.0": {
							"post": [5, 10, -30],
							"lerp_mode": "catmullrom"
						},
						"1.0833": {
							"post": [0, 0, -10],
							"lerp_mode": "catmullrom"
						},
						"1.1667": {
							"post": [5, 20, -25],
							"lerp_mode": "catmullrom"
						},
						"1.25": {
							"post": [0, 0, 0],
							"lerp_mode": "catmullrom"
						},
						"1.3333": {
							"post": [5, 10, -30],
							"lerp_mode": "catmullrom"
						},
						"1.4167": {
							"post": [0, 0, -10],
							"lerp_mode": "catmullrom"
						},
						"1.5": {
							"post": [5, 10, -30],
							"lerp_mode": "catmullrom"
						},
						"1.5833": {
							"post": [0, 0, -10],
							"lerp_mode": "catmullrom"
						},
						"1.6667": {
							"post": [5, 20, -25],
							"lerp_mode": "catmullrom"
						},
						"1.75": {
							"post": [0, 0, 0],
							"lerp_mode": "catmullrom"
						},
						"1.8333": {
							"post": [5, 10, -30],
							"lerp_mode": "catmullrom"
						},
						"1.9167": {
							"post": [0, 0, -10],
							"lerp_mode": "catmullrom"
						},
						"2.0": {
							"post": [5, 10, -30],
							"lerp_mode": "catmullrom"
						}
					}
				},
				"wingL1": {
					"rotation": {
						"0.0": {
							"post": [-20, 0, 15],
							"lerp_mode": "catmullrom"
						},
						"0.0833": {
							"post": [10, 5, -7.5],
							"lerp_mode": "catmullrom"
						},
						"0.1667": {
							"post": [-15, 2.5, 10],
							"lerp_mode": "catmullrom"
						},
						"0.25": {
							"post": [10, 2.5, -2.5],
							"lerp_mode": "catmullrom"
						},
						"0.3333": {
							"post": [-20, 0, 15],
							"lerp_mode": "catmullrom"
						},
						"0.4167": {
							"post": [10, 5, -7.5],
							"lerp_mode": "catmullrom"
						},
						"0.5": {
							"post": [-15, 2.5, 10],
							"lerp_mode": "catmullrom"
						},
						"0.5833": {
							"post": [10, 2.5, -2.5],
							"lerp_mode": "catmullrom"
						},
						"0.6667": {
							"post": [-20, 0, 15],
							"lerp_mode": "catmullrom"
						},
						"0.75": {
							"post": [10, 5, -7.5],
							"lerp_mode": "catmullrom"
						},
						"0.8333": {
							"post": [-15, 2.5, 10],
							"lerp_mode": "catmullrom"
						},
						"0.9167": {
							"post": [10, 2.5, -2.5],
							"lerp_mode": "catmullrom"
						},
						"1.0": {
							"post": [-20, 0, 15],
							"lerp_mode": "catmullrom"
						},
						"1.0833": {
							"post": [10, 5, -7.5],
							"lerp_mode": "catmullrom"
						},
						"1.1667": {
							"post": [-15, 2.5, 10],
							"lerp_mode": "catmullrom"
						},
						"1.25": {
							"post": [10, 2.5, -2.5],
							"lerp_mode": "catmullrom"
						},
						"1.3333": {
							"post": [-20, 0, 15],
							"lerp_mode": "catmullrom"
						},
						"1.4167": {
							"post": [10, 5, -7.5],
							"lerp_mode": "catmullrom"
						},
						"1.5": {
							"post": [-15, 2.5, 10],
							"lerp_mode": "catmullrom"
						},
						"1.5833": {
							"post": [10, 2.5, -2.5],
							"lerp_mode": "catmullrom"
						},
						"1.6667": {
							"post": [-20, 0, 15],
							"lerp_mode": "catmullrom"
						},
						"1.75": {
							"post": [10, 5, -7.5],
							"lerp_mode": "catmullrom"
						},
						"1.8333": {
							"post": [-15, 2.5, 10],
							"lerp_mode": "catmullrom"
						},
						"1.9167": {
							"post": [10, 2.5, -2.5],
							"lerp_mode": "catmullrom"
						},
						"2.0": {
							"post": [-20, 0, 15],
							"lerp_mode": "catmullrom"
						}
					}
				},
				"wingR1": {
					"rotation": {
						"0.0": {
							"post": [-20, 0, -15],
							"lerp_mode": "catmullrom"
						},
						"0.0833": {
							"post": [10, -5, 7.5],
							"lerp_mode": "catmullrom"
						},
						"0.1667": {
							"post": [-15, -2.5, -10],
							"lerp_mode": "catmullrom"
						},
						"0.25": {
							"post": [10, -2.5, 2.5],
							"lerp_mode": "catmullrom"
						},
						"0.3333": {
							"post": [-20, 0, -15],
							"lerp_mode": "catmullrom"
						},
						"0.4167": {
							"post": [10, -5, 7.5],
							"lerp_mode": "catmullrom"
						},
						"0.5": {
							"post": [-15, -2.5, -10],
							"lerp_mode": "catmullrom"
						},
						"0.5833": {
							"post": [10, -2.5, 2.5],
							"lerp_mode": "catmullrom"
						},
						"0.6667": {
							"post": [-20, 0, -15],
							"lerp_mode": "catmullrom"
						},
						"0.75": {
							"post": [10, -5, 7.5],
							"lerp_mode": "catmullrom"
						},
						"0.8333": {
							"post": [-15, -2.5, -10],
							"lerp_mode": "catmullrom"
						},
						"0.9167": {
							"post": [10, -2.5, 2.5],
							"lerp_mode": "catmullrom"
						},
						"1.0": {
							"post": [-20, 0, -15],
							"lerp_mode": "catmullrom"
						},
						"1.0833": {
							"post": [10, -5, 7.5],
							"lerp_mode": "catmullrom"
						},
						"1.1667": {
							"post": [-15, -2.5, -10],
							"lerp_mode": "catmullrom"
						},
						"1.25": {
							"post": [10, -2.5, 2.5],
							"lerp_mode": "catmullrom"
						},
						"1.3333": {
							"post": [-20, 0, -15],
							"lerp_mode": "catmullrom"
						},
						"1.4167": {
							"post": [10, -5, 7.5],
							"lerp_mode": "catmullrom"
						},
						"1.5": {
							"post": [-15, -2.5, -10],
							"lerp_mode": "catmullrom"
						},
						"1.5833": {
							"post": [10, -2.5, 2.5],
							"lerp_mode": "catmullrom"
						},
						"1.6667": {
							"post": [-20, 0, -15],
							"lerp_mode": "catmullrom"
						},
						"1.75": {
							"post": [10, -5, 7.5],
							"lerp_mode": "catmullrom"
						},
						"1.8333": {
							"post": [-15, -2.5, -10],
							"lerp_mode": "catmullrom"
						},
						"1.9167": {
							"post": [10, -2.5, 2.5],
							"lerp_mode": "catmullrom"
						},
						"2.0": {
							"post": [-20, 0, -15],
							"lerp_mode": "catmullrom"
						}
					}
				},
				"wingR2": {
					"rotation": {
						"0.0": {
							"post": [5, -10, 30],
							"lerp_mode": "catmullrom"
						},
						"0.0833": {
							"post": [0, 0, 10],
							"lerp_mode": "catmullrom"
						},
						"0.1667": {
							"post": [5, -20, 25],
							"lerp_mode": "catmullrom"
						},
						"0.25": {
							"post": [0, 0, 0],
							"lerp_mode": "catmullrom"
						},
						"0.3333": {
							"post": [5, -10, 30],
							"lerp_mode": "catmullrom"
						},
						"0.4167": {
							"post": [0, 0, 10],
							"lerp_mode": "catmullrom"
						},
						"0.5": {
							"post": [5, -20, 25],
							"lerp_mode": "catmullrom"
						},
						"0.5833": {
							"post": [0, 0, 0],
							"lerp_mode": "catmullrom"
						},
						"0.6667": {
							"post": [5, -10, 30],
							"lerp_mode": "catmullrom"
						},
						"0.75": {
							"post": [0, 0, 10],
							"lerp_mode": "catmullrom"
						},
						"0.8333": {
							"post": [5, -20, 25],
							"lerp_mode": "catmullrom"
						},
						"0.9167": {
							"post": [0, 0, 0],
							"lerp_mode": "catmullrom"
						},
						"1.0": {
							"post": [5, -10, 30],
							"lerp_mode": "catmullrom"
						},
						"1.0833": {
							"post": [0, 0, 10],
							"lerp_mode": "catmullrom"
						},
						"1.1667": {
							"post": [5, -20, 25],
							"lerp_mode": "catmullrom"
						},
						"1.25": {
							"post": [0, 0, 0],
							"lerp_mode": "catmullrom"
						},
						"1.3333": {
							"post": [5, -10, 30],
							"lerp_mode": "catmullrom"
						},
						"1.4167": {
							"post": [0, 0, 10],
							"lerp_mode": "catmullrom"
						},
						"1.5": {
							"post": [5, -20, 25],
							"lerp_mode": "catmullrom"
						},
						"1.5833": {
							"post": [0, 0, 0],
							"lerp_mode": "catmullrom"
						},
						"1.6667": {
							"post": [5, -10, 30],
							"lerp_mode": "catmullrom"
						},
						"1.75": {
							"post": [0, 0, 10],
							"lerp_mode": "catmullrom"
						},
						"1.8333": {
							"post": [5, -20, 25],
							"lerp_mode": "catmullrom"
						},
						"1.9167": {
							"post": [0, 0, 0],
							"lerp_mode": "catmullrom"
						},
						"2.0": {
							"post": [5, -10, 30],
							"lerp_mode": "catmullrom"
						}
					}
				}
			}
		},
		"animation.vibrava.ground_walk": {
			"loop": true,
			"animation_length": 2,
			"bones": {
				"bb_main": {
					"rotation": [-10, 0, 0],
					"position": {
						"0.0": {
							"post": [0, 3, 0],
							"lerp_mode": "catmullrom"
						},
						"0.5": {
							"post": [-0.3, 3.5, 0],
							"lerp_mode": "catmullrom"
						},
						"1.0": {
							"post": [0, 3.1, 0],
							"lerp_mode": "catmullrom"
						},
						"1.5": {
							"post": [0.3, 3.5, 0],
							"lerp_mode": "catmullrom"
						},
						"2.0": {
							"post": [0, 3, 0],
							"lerp_mode": "catmullrom"
						}
					}
				},
				"head": {
					"rotation": {
						"0.0": {
							"post": [10, 0, 0],
							"lerp_mode": "catmullrom"
						},
						"0.25": {
							"post": [12.5, 0, 0],
							"lerp_mode": "catmullrom"
						},
						"0.5": {
							"post": [10, 0, 0],
							"lerp_mode": "catmullrom"
						},
						"0.75": {
							"post": [12.5, 0, 0],
							"lerp_mode": "catmullrom"
						},
						"1.0": {
							"post": [10, 0, 0],
							"lerp_mode": "catmullrom"
						},
						"1.25": {
							"post": [12.5, 0, 0],
							"lerp_mode": "catmullrom"
						},
						"1.5": {
							"post": [10, 0, 0],
							"lerp_mode": "catmullrom"
						},
						"1.75": {
							"post": [12.5, 0, 0],
							"lerp_mode": "catmullrom"
						},
						"2.0": {
							"post": [10, 0, 0],
							"lerp_mode": "catmullrom"
						}
					}
				},
				"antina1": {
					"rotation": {
						"0.0": {
							"post": [0, 0, 0],
							"lerp_mode": "catmullrom"
						},
						"0.5": {
							"post": [-5, 0, 0],
							"lerp_mode": "catmullrom"
						},
						"1.5": {
							"post": [0, 0, 0],
							"lerp_mode": "catmullrom"
						},
						"2.0": {
							"post": [0, 0, 0],
							"lerp_mode": "catmullrom"
						}
					}
				},
				"bone": {
					"rotation": {
						"0.0": {
							"post": [0, 0, 0],
							"lerp_mode": "catmullrom"
						},
						"1.0": {
							"post": [-5, 0, 0],
							"lerp_mode": "catmullrom"
						},
						"2.0": {
							"post": [0, 0, 0],
							"lerp_mode": "catmullrom"
						}
					}
				},
				"antina2": {
					"rotation": {
						"0.0": {
							"post": [0, 0, 0],
							"lerp_mode": "catmullrom"
						},
						"0.5": {
							"post": [2.5, 0, 0],
							"lerp_mode": "catmullrom"
						},
						"1.5": {
							"post": [-5, 0, 0],
							"lerp_mode": "catmullrom"
						},
						"2.0": {
							"post": [0, 0, 0],
							"lerp_mode": "catmullrom"
						}
					}
				},
				"bone2": {
					"rotation": {
						"0.0": {
							"post": [-5, 0, 0],
							"lerp_mode": "catmullrom"
						},
						"1.0": {
							"post": [5, 0, 0],
							"lerp_mode": "catmullrom"
						},
						"2.0": {
							"post": [-5, 0, 0],
							"lerp_mode": "catmullrom"
						}
					}
				},
				"leg1": {
					"rotation": {
						"0.0": {
							"post": [11.5, -10, 35],
							"lerp_mode": "catmullrom"
						},
						"1.0": {
							"post": [11.5, -10, 40],
							"lerp_mode": "catmullrom"
						},
						"2.0": {
							"post": [11.5, -10, 35],
							"lerp_mode": "catmullrom"
						}
					}
				},
				"bone3": {
					"rotation": {
						"0.0": {
							"post": [0, 0, -30],
							"lerp_mode": "catmullrom"
						},
						"1.0": {
							"post": [0, 0, -25],
							"lerp_mode": "catmullrom"
						},
						"2.0": {
							"post": [0, 0, -30],
							"lerp_mode": "catmullrom"
						}
					}
				},
				"bone4": {
					"rotation": [0, 0, 25]
				},
				"leg2": {
					"rotation": [-10, -10, 15]
				},
				"tail": {
					"rotation": {
						"0.0": {
							"post": [-2.5, 0, 0],
							"lerp_mode": "catmullrom"
						},
						"0.5": {
							"post": [-10, -10, -1],
							"lerp_mode": "catmullrom"
						},
						"1.0": {
							"post": [-5, 0, 0],
							"lerp_mode": "catmullrom"
						},
						"1.5": {
							"post": [-10, 10, 1],
							"lerp_mode": "catmullrom"
						},
						"2.0": {
							"post": [-2.5, 0, 0],
							"lerp_mode": "catmullrom"
						}
					}
				},
				"leg3": {
					"rotation": {
						"0.0": {
							"post": [11.5, 10, -35],
							"lerp_mode": "catmullrom"
						},
						"1.0": {
							"post": [11.5, 10, -40],
							"lerp_mode": "catmullrom"
						},
						"2.0": {
							"post": [11.5, 10, -35],
							"lerp_mode": "catmullrom"
						}
					}
				},
				"bone7": {
					"rotation": {
						"0.0": {
							"post": [0, 0, 30],
							"lerp_mode": "catmullrom"
						},
						"1.0": {
							"post": [0, 0, 25],
							"lerp_mode": "catmullrom"
						},
						"2.0": {
							"post": [0, 0, 30],
							"lerp_mode": "catmullrom"
						}
					}
				},
				"bone8": {
					"rotation": [0, 0, -25]
				},
				"leg4": {
					"rotation": [-10, 10, -15]
				},
				"bone11": {
					"rotation": {
						"0.0": {
							"post": [-15, 0, 0],
							"lerp_mode": "catmullrom"
						},
						"0.5": {
							"post": [-15, 0, 5],
							"lerp_mode": "catmullrom"
						},
						"1.0": {
							"post": [-15, 0, 0],
							"lerp_mode": "catmullrom"
						},
						"1.5": {
							"post": [-15, 0, -5],
							"lerp_mode": "catmullrom"
						},
						"2.0": {
							"post": [-15, 0, 0],
							"lerp_mode": "catmullrom"
						}
					}
				},
				"wingL2": {
					"rotation": {
						"0.0": {
							"post": [5, 10, -30],
							"lerp_mode": "catmullrom"
						},
						"0.0833": {
							"post": [0, 0, -10],
							"lerp_mode": "catmullrom"
						},
						"0.1667": {
							"post": [5, 20, -25],
							"lerp_mode": "catmullrom"
						},
						"0.25": {
							"post": [0, 0, 0],
							"lerp_mode": "catmullrom"
						},
						"0.3333": {
							"post": [5, 10, -30],
							"lerp_mode": "catmullrom"
						},
						"0.4167": {
							"post": [0, 0, -10],
							"lerp_mode": "catmullrom"
						},
						"0.5": {
							"post": [5, 10, -30],
							"lerp_mode": "catmullrom"
						},
						"0.5833": {
							"post": [0, 0, -10],
							"lerp_mode": "catmullrom"
						},
						"0.6667": {
							"post": [5, 20, -25],
							"lerp_mode": "catmullrom"
						},
						"0.75": {
							"post": [0, 0, 0],
							"lerp_mode": "catmullrom"
						},
						"0.8333": {
							"post": [5, 10, -30],
							"lerp_mode": "catmullrom"
						},
						"0.9167": {
							"post": [0, 0, -10],
							"lerp_mode": "catmullrom"
						},
						"1.0": {
							"post": [5, 10, -30],
							"lerp_mode": "catmullrom"
						},
						"1.0833": {
							"post": [0, 0, -10],
							"lerp_mode": "catmullrom"
						},
						"1.1667": {
							"post": [5, 20, -25],
							"lerp_mode": "catmullrom"
						},
						"1.25": {
							"post": [0, 0, 0],
							"lerp_mode": "catmullrom"
						},
						"1.3333": {
							"post": [5, 10, -30],
							"lerp_mode": "catmullrom"
						},
						"1.4167": {
							"post": [0, 0, -10],
							"lerp_mode": "catmullrom"
						},
						"1.5": {
							"post": [5, 10, -30],
							"lerp_mode": "catmullrom"
						},
						"1.5833": {
							"post": [0, 0, -10],
							"lerp_mode": "catmullrom"
						},
						"1.6667": {
							"post": [5, 20, -25],
							"lerp_mode": "catmullrom"
						},
						"1.75": {
							"post": [0, 0, 0],
							"lerp_mode": "catmullrom"
						},
						"1.8333": {
							"post": [5, 10, -30],
							"lerp_mode": "catmullrom"
						},
						"1.9167": {
							"post": [0, 0, -10],
							"lerp_mode": "catmullrom"
						},
						"2.0": {
							"post": [5, 10, -30],
							"lerp_mode": "catmullrom"
						}
					}
				},
				"wingL1": {
					"rotation": {
						"0.0": {
							"post": [-20, 0, 15],
							"lerp_mode": "catmullrom"
						},
						"0.0833": {
							"post": [10, 5, -7.5],
							"lerp_mode": "catmullrom"
						},
						"0.1667": {
							"post": [-15, 2.5, 10],
							"lerp_mode": "catmullrom"
						},
						"0.25": {
							"post": [10, 2.5, -2.5],
							"lerp_mode": "catmullrom"
						},
						"0.3333": {
							"post": [-20, 0, 15],
							"lerp_mode": "catmullrom"
						},
						"0.4167": {
							"post": [10, 5, -7.5],
							"lerp_mode": "catmullrom"
						},
						"0.5": {
							"post": [-15, 2.5, 10],
							"lerp_mode": "catmullrom"
						},
						"0.5833": {
							"post": [10, 2.5, -2.5],
							"lerp_mode": "catmullrom"
						},
						"0.6667": {
							"post": [-20, 0, 15],
							"lerp_mode": "catmullrom"
						},
						"0.75": {
							"post": [10, 5, -7.5],
							"lerp_mode": "catmullrom"
						},
						"0.8333": {
							"post": [-15, 2.5, 10],
							"lerp_mode": "catmullrom"
						},
						"0.9167": {
							"post": [10, 2.5, -2.5],
							"lerp_mode": "catmullrom"
						},
						"1.0": {
							"post": [-20, 0, 15],
							"lerp_mode": "catmullrom"
						},
						"1.0833": {
							"post": [10, 5, -7.5],
							"lerp_mode": "catmullrom"
						},
						"1.1667": {
							"post": [-15, 2.5, 10],
							"lerp_mode": "catmullrom"
						},
						"1.25": {
							"post": [10, 2.5, -2.5],
							"lerp_mode": "catmullrom"
						},
						"1.3333": {
							"post": [-20, 0, 15],
							"lerp_mode": "catmullrom"
						},
						"1.4167": {
							"post": [10, 5, -7.5],
							"lerp_mode": "catmullrom"
						},
						"1.5": {
							"post": [-15, 2.5, 10],
							"lerp_mode": "catmullrom"
						},
						"1.5833": {
							"post": [10, 2.5, -2.5],
							"lerp_mode": "catmullrom"
						},
						"1.6667": {
							"post": [-20, 0, 15],
							"lerp_mode": "catmullrom"
						},
						"1.75": {
							"post": [10, 5, -7.5],
							"lerp_mode": "catmullrom"
						},
						"1.8333": {
							"post": [-15, 2.5, 10],
							"lerp_mode": "catmullrom"
						},
						"1.9167": {
							"post": [10, 2.5, -2.5],
							"lerp_mode": "catmullrom"
						},
						"2.0": {
							"post": [-20, 0, 15],
							"lerp_mode": "catmullrom"
						}
					}
				},
				"wingR1": {
					"rotation": {
						"0.0": {
							"post": [-20, 0, -15],
							"lerp_mode": "catmullrom"
						},
						"0.0833": {
							"post": [10, -5, 7.5],
							"lerp_mode": "catmullrom"
						},
						"0.1667": {
							"post": [-15, -2.5, -10],
							"lerp_mode": "catmullrom"
						},
						"0.25": {
							"post": [10, -2.5, 2.5],
							"lerp_mode": "catmullrom"
						},
						"0.3333": {
							"post": [-20, 0, -15],
							"lerp_mode": "catmullrom"
						},
						"0.4167": {
							"post": [10, -5, 7.5],
							"lerp_mode": "catmullrom"
						},
						"0.5": {
							"post": [-15, -2.5, -10],
							"lerp_mode": "catmullrom"
						},
						"0.5833": {
							"post": [10, -2.5, 2.5],
							"lerp_mode": "catmullrom"
						},
						"0.6667": {
							"post": [-20, 0, -15],
							"lerp_mode": "catmullrom"
						},
						"0.75": {
							"post": [10, -5, 7.5],
							"lerp_mode": "catmullrom"
						},
						"0.8333": {
							"post": [-15, -2.5, -10],
							"lerp_mode": "catmullrom"
						},
						"0.9167": {
							"post": [10, -2.5, 2.5],
							"lerp_mode": "catmullrom"
						},
						"1.0": {
							"post": [-20, 0, -15],
							"lerp_mode": "catmullrom"
						},
						"1.0833": {
							"post": [10, -5, 7.5],
							"lerp_mode": "catmullrom"
						},
						"1.1667": {
							"post": [-15, -2.5, -10],
							"lerp_mode": "catmullrom"
						},
						"1.25": {
							"post": [10, -2.5, 2.5],
							"lerp_mode": "catmullrom"
						},
						"1.3333": {
							"post": [-20, 0, -15],
							"lerp_mode": "catmullrom"
						},
						"1.4167": {
							"post": [10, -5, 7.5],
							"lerp_mode": "catmullrom"
						},
						"1.5": {
							"post": [-15, -2.5, -10],
							"lerp_mode": "catmullrom"
						},
						"1.5833": {
							"post": [10, -2.5, 2.5],
							"lerp_mode": "catmullrom"
						},
						"1.6667": {
							"post": [-20, 0, -15],
							"lerp_mode": "catmullrom"
						},
						"1.75": {
							"post": [10, -5, 7.5],
							"lerp_mode": "catmullrom"
						},
						"1.8333": {
							"post": [-15, -2.5, -10],
							"lerp_mode": "catmullrom"
						},
						"1.9167": {
							"post": [10, -2.5, 2.5],
							"lerp_mode": "catmullrom"
						},
						"2.0": {
							"post": [-20, 0, -15],
							"lerp_mode": "catmullrom"
						}
					}
				},
				"wingR2": {
					"rotation": {
						"0.0": {
							"post": [5, -10, 30],
							"lerp_mode": "catmullrom"
						},
						"0.0833": {
							"post": [0, 0, 10],
							"lerp_mode": "catmullrom"
						},
						"0.1667": {
							"post": [5, -20, 25],
							"lerp_mode": "catmullrom"
						},
						"0.25": {
							"post": [0, 0, 0],
							"lerp_mode": "catmullrom"
						},
						"0.3333": {
							"post": [5, -10, 30],
							"lerp_mode": "catmullrom"
						},
						"0.4167": {
							"post": [0, 0, 10],
							"lerp_mode": "catmullrom"
						},
						"0.5": {
							"post": [5, -20, 25],
							"lerp_mode": "catmullrom"
						},
						"0.5833": {
							"post": [0, 0, 0],
							"lerp_mode": "catmullrom"
						},
						"0.6667": {
							"post": [5, -10, 30],
							"lerp_mode": "catmullrom"
						},
						"0.75": {
							"post": [0, 0, 10],
							"lerp_mode": "catmullrom"
						},
						"0.8333": {
							"post": [5, -20, 25],
							"lerp_mode": "catmullrom"
						},
						"0.9167": {
							"post": [0, 0, 0],
							"lerp_mode": "catmullrom"
						},
						"1.0": {
							"post": [5, -10, 30],
							"lerp_mode": "catmullrom"
						},
						"1.0833": {
							"post": [0, 0, 10],
							"lerp_mode": "catmullrom"
						},
						"1.1667": {
							"post": [5, -20, 25],
							"lerp_mode": "catmullrom"
						},
						"1.25": {
							"post": [0, 0, 0],
							"lerp_mode": "catmullrom"
						},
						"1.3333": {
							"post": [5, -10, 30],
							"lerp_mode": "catmullrom"
						},
						"1.4167": {
							"post": [0, 0, 10],
							"lerp_mode": "catmullrom"
						},
						"1.5": {
							"post": [5, -20, 25],
							"lerp_mode": "catmullrom"
						},
						"1.5833": {
							"post": [0, 0, 0],
							"lerp_mode": "catmullrom"
						},
						"1.6667": {
							"post": [5, -10, 30],
							"lerp_mode": "catmullrom"
						},
						"1.75": {
							"post": [0, 0, 10],
							"lerp_mode": "catmullrom"
						},
						"1.8333": {
							"post": [5, -20, 25],
							"lerp_mode": "catmullrom"
						},
						"1.9167": {
							"post": [0, 0, 0],
							"lerp_mode": "catmullrom"
						},
						"2.0": {
							"post": [5, -10, 30],
							"lerp_mode": "catmullrom"
						}
					}
				}
			}
		},
		"animation.vibrava.faint": {
			"loop": "hold_on_last_frame"
		}
	}
}