{
    "implemented": true,
    "name": "meltan",
    "nationalPokedexNumber": 808,
    "primaryType": "steel",
    
    "abilities": [
        "magnetpull"
        
        
    ],
    "baseStats": {
        "hp": 46,
        "attack": 65,
        "defence": 65,
        "special_attack": 55,
        "special_defence": 35,
        "speed": 34
    },
    "behaviour": {
        "resting": {
            "canSleep": true,
            "depth": "normal",
            "light": "0-4"
        },
        "moving": {
            "canLook": false,
            "walk": {
                "canWalk": true,
                "avoidsLand": false
            },
            "swim": {
                "swimSpeed": 0.1,
                "canSwimInWater": false,
                "canBreatheUnderwater": false
            },
            "wanderChance": 1
        }
    },
    "catchRate": 20,
    "maleRatio": -1,
    "shoulderMountable": true,
    
    "baseExperienceYield": 130,
    "experienceGroup": "slow",
    "eggCycles": 120,
    "eggGroups": [
        "undiscovered"
        
    ],
    "drops": {
        "amount": "1",
        "entries": [
        {"item": "minecraft:iron_ingot", "quantityRange": "1-5", "percentage": 50}
        ]
    },
    "moves": [
        "1:harden",
        "1:thundershock",
        "8:tailwhip",
        "16:headbutt",
        "24:thunderwave",
        "32:acidarmor",
        "40:flashcannon"
    ],
    "labels": [
        "custom"
    ],
    "pokedex": [
        "cobblemon.species.meltan.desc1",
        "cobblemon.species.meltan.desc2"
    ],
    
    
    "baseScale": 0.3,
    "hitbox": {
        "width": 0.4,
        "height": 0.8,
        "fixed": false
    },
    "baseFriendship": 50,
    "evYield": {
        "hp": 0,
        "attack": 1,
        "defence": 0,
        "special_attack": 0,
        "special_defence": 0,
        "speed": 0
    },
    "height": 1,
    "weight": 1
}