{
  "head": "head",
  "portraitScale": 1.5,
  "portraitTranslation": [ -0.1, 1, 0 ],
  "profileScale": .7,
  "profileTranslation": [ 0, .75, 0 ],
  "faint": "bedrock(hariyama, faint)",
  "poses": {
    "standing": {
      "poseName": "standing",
      "transformTicks": 10,
      "poseTypes": [
        "STAND",
        "NONE",
        "PORTRAIT",
        "PROFILE"
      ],
      "animations": [
	"look",
        "bedrock(hariyama, ground_idle)"
      ]
    },
    "walking": {
      "poseName": "walking",
      "transformTicks": 10,
      "poseTypes": [ "WALK" ],
      "animations": [ "bedrock(hariyama, ground_walk)" ]
    }
  }
}