{
  "head": "head",
  "portraitScale": 2.5,
  "portraitTranslation": [ -0.3, -1.75, 0 ],
  "profileScale": 1.25,
  "profileTranslation": [ 0, -0.1, 0 ],
  "faint": "bedrock(trapinch, faint)",
  "poses": {
    "standing": {
      "poseName": "standing",
      "transformTicks": 10,
      "poseTypes": [
        "STAND",
        "NONE",
        "PORTRAIT",
        "PROFILE"
      ],
      "animations": [
	"look",
        "bedrock(trapinch, ground_idle)"
      ]
    },
    "walking": {
      "poseName": "walking",
      "transformTicks": 10,
      "poseTypes": [ "WALK" ],
      "animations": [ "bedrock(trapinch, ground_walk)" ]
    }
  }
}