{
  "head": "head",
  "portraitScale": 2,
  "portraitTranslation": [ -0.8, 0.75, 0 ],
  "profileScale": .7,
  "profileTranslation": [ 0, 0.75, 0 ],
  "faint": "bedrock(walrein, faint)",
  "poses": {
    "standing": {
      "poseName": "standing",
      "transformTicks": 10,
      "poseTypes": [
        "STAND",
        "NONE",
        "PORTRAIT",
        "PROFILE"
      ],
      "animations": [
	"look",
        "bedrock(walrein, ground_idle)"
      ]
    },
    "walking": {
      "poseName": "walking",
      "transformTicks": 10,
      "poseTypes": [ "WALK" ],
      "animations": [ "bedrock(walrein, ground_walk)" ]
    }
  }
}