{
    "type": "minecraft:crafting_shaped",
    "pattern": [
        " t ",
        "lcr",
        " b "
    ],
    "key": {
        "t": {
            "item": "cobblemon:white_apricorn"
        },
        "l": {
            "item": "cobblemon:red_apricorn"
        },
        "c": {
            "item": "create:zinc_ingot"
        },
        "r": {
            "item": "cobblemon:red_apricorn"
        },
        "b": {
            "item": "cobblemon:red_apricorn"
        }
    },
    "result":
    {
        "item": "cobblemon:sport_ball",
        "count": 4
    }
}