{
  "type": "create:sequenced_assembly",
  "ingredient": {
    "item": "minecraft:nether_star"
  },
  "loops": 2,
  "results": [
    {
      "item": "cobblemon:master_ball"
    }
  ],
  "sequence": [
    {
      "type": "create:deploying",
      "ingredients": [
        {
          "item": "minecraft:nether_star"
        },
        {
          "item": "minecraft:netherite_ingot"
        }
      ],
      "results": [
        {
          "item": "minecraft:nether_star"
        }
      ]
    },
    {
      "type": "create:deploying",
      "ingredients": [
        {
          "item": "minecraft:nether_star"
        },
        {
          "item": "create:sturdy_sheet"
        }
      ],
      "results": [
        {
          "item": "minecraft:nether_star"
        }
      ]
    },
    {
      "type": "create:deploying",
      "ingredients": [
        {
          "item": "minecraft:nether_star"
        },
        {
          "item": "minecraft:shulker_shell"
        }
      ],
      "results": [
        {
          "item": "minecraft:nether_star"
        }
      ]
    }
  ],
  "transitionalItem": {
    "item": "minecraft:nether_star"
  }
}