{
    "enabled": "true",
    "neededInstalledMods": [],
    "neededUninstalledMods": [],
    "spawns": [
        {
            "id": "lampent-1",
            "pokemon": "lampent",
            "type": "pokemon",
            "context": "grounded",
            "bucket": "common",
            "level": "42-65",
            "weight": 0.198,
            "condition": {
                "biomes": [
                    "#cobblemon:is_overworld"
                ],
				"timeRange": "night",
                "neededNearbyBlocks": [
                    "minecraft:candle",
					"minecraft:white_candle",
					"minecraft:red_candle",
					"minecraft:pink_candle",
					"minecraft:black_candle",
					"minecraft:orange_candle",
					"minecraft:magenta_candle",
					"minecraft:blue_candle",
					"minecraft:light_blue_candle",
					"minecraft:yellow_candle",
					"minecraft:lime_candle",
					"minecraft:gray_candle",
					"minecraft:light_gray_candle",
					"minecraft:cyan_candle",
					"minecraft:purple_candle",
					"minecraft:brown_candle",
					"minecraft:green_candle"
                ]
            }
        }
    ]
}