{
  "implemented": true,
  "name": "Pelipper",
  "nationalPokedexNumber": 279,
  "primaryType": "water",
  "secondaryType": "flying",
  "abilities": [
    "keeneye",
    "drizzle",
    "h:raindish"
  ],
  "baseStats": {
    "hp": 60,
    "attack": 50,
    "defence": 100,
    "special_attack": 95,
    "special_defence": 70,
    "speed": 65
  },
  "catchRate": 45,
  "maleRatio": 0.5,
  "shoulderMountable": false,
  "baseExperienceYield": 154,
  "experienceGroup": "medium_fast",
  "eggCycles": 20,
  "eggGroups": [
    "water_1",
    "flying"
  ],
  "behaviour": {
    "moving": {
    "canLook": false,
      "fly": {
        "canFly": true
      }  
    }
  },
  "drops": {
    "amount": "2",
    "entries": [
      {
        "item": "minecraft:feather",
        "percentage": 50
      }
    ]
  },
  "moves": [
    "1:agility",
    "1:airslash",
    "1:growl",
    "1:protect",
    "1:quickattack",
    "1:soak",
    "1:supersonic",
    "1:tailwind",
    "1:watergun",
    "1:watersport",
    "15:wingattack",
    "20:waterpulse",
    "28:spitup",
    "28:stockpile",
    "28:swallow",
    "34:fling",
    "41:mist",
    "48:roost",
    "55:hurricane",
    "62:hydropump",
    "tm:acrobatics",
    "tm:aerialace",
    "tm:agility",
    "tm:aircutter",
    "tm:airslash",
    "tm:attract",
    "tm:blizzard",
    "tm:bodyslam",
    "tm:bravebird",
    "tm:brine",
    "tm:captivate",
    "tm:chillingwater",
    "tm:confide",
    "tm:doubleteam",
    "tm:echoedvoice",
    "tm:endure",
    "tm:facade",
    "tm:fling",
    "tm:fly",
    "tm:frustration",
    "tm:gigaimpact",
    "tm:gunkshot",
    "tm:hail",
    "tm:helpinghand",
    "tm:hiddenpower",
    "tm:hurricane",
    "tm:hydropump",
    "tm:hyperbeam",
    "tm:icebeam",
    "tm:icywind",
    "tm:liquidation",
    "tm:naturalgift",
    "tm:payback",
    "tm:pluck",
    "tm:protect",
    "tm:raindance",
    "tm:rest",
    "tm:return",
    "tm:round",
    "tm:scald",
    "tm:secretpower",
    "tm:seedbomb",
    "tm:skydrop",
    "tm:sleeptalk",
    "tm:snore",
    "tm:snowscape",
    "tm:steelwing",
    "tm:substitute",
    "tm:surf",
    "tm:swagger",
    "tm:swift",
    "tm:tailwind",
    "tm:takedown",
    "tm:terablast",
    "tm:thief",
    "tm:toxic",
    "tm:uproar",
    "tm:uturn",
    "tm:waterfall",
    "tm:waterpulse",
    "tm:weatherball",
    "tm:whirlpool",
    "tutor:defog",
    "tutor:doubleedge",
    "tutor:dualwingbeat",
    "tutor:knockoff",
    "tutor:mimic",
    "tutor:mudslap",
    "tutor:ominouswind",
    "tutor:shockwave",
    "tutor:skyattack",
    "tutor:twister"
  ],
  "labels": [
    "custom"
  ],
  "pokedex": [
    "cobblemon.species.pelipper.desc"
  ],
  "preEvolution": "wingull",
  "evolutions": [],
  "baseScale": 1.5,
  "hitbox": {
    "width": 1,
    "height": 1,
    "fixed": false
  },
  "baseFriendship": 50,
  "evYield": {
    "hp": 0,
    "attack": 0,
    "defence": 2,
    "special_attack": 0,
    "special_defence": 0,
    "speed": 0
  },
  "height": 12,
  "weight": 280,
  "aspects": [],
  "cannotDynamax": false
}