{
  "implemented": true,
  "name": "Spheal",
  "nationalPokedexNumber": 363,
  "primaryType": "ice",
  "secondaryType": "water",
  "abilities": [
    "thickfat",
    "icebody",
    "h:oblivious"
  ],
  "baseStats": {
    "hp": 70,
    "attack": 40,
    "defence": 50,
    "special_attack": 55,
    "special_defence": 50,
    "speed": 25
  },
  "catchRate": 255,
  "maleRatio": 0.5,
  "shoulderMountable": false,
  "baseExperienceYield": 58,
  "experienceGroup": "medium_slow",
  "eggCycles": 20,
  "eggGroups": [
    "water_1",
    "field"
  ],
  "moves": [
    "1:defensecurl",
    "1:growl",
    "1:powdersnow",
    "1:watergun",
    "5:rollout",
    "7:encore",
    "13:iceball",
    "17:brine",
    "19:bodyslam",
    "25:aurorabeam",
    "31:hail",
    "37:rest",
    "37:snore",
    "40:surf",
    "43:blizzard",
    "49:sheercold",
    "egg:aquaring",
    "egg:bellydrum",
    "egg:curse",
    "egg:fissure",
    "egg:rockslide",
    "egg:rollout",
    "egg:signalbeam",
    "egg:sleeptalk",
    "egg:spitup",
    "egg:stockpile",
    "egg:swallow",
    "egg:waterpulse",
    "egg:watersport",
    "egg:yawn",
    "tm:attract",
    "tm:blizzard",
    "tm:bodyslam",
    "tm:brine",
    "tm:bulldoze",
    "tm:captivate",
    "tm:confide",
    "tm:dive",
    "tm:doubleteam",
    "tm:earthquake",
    "tm:echoedvoice",
    "tm:encore",
    "tm:endure",
    "tm:facade",
    "tm:frostbreath",
    "tm:frustration",
    "tm:hail",
    "tm:hiddenpower",
    "tm:icebeam",
    "tm:icywind",
    "tm:irontail",
    "tm:naturalgift",
    "tm:protect",
    "tm:raindance",
    "tm:rest",
    "tm:return",
    "tm:rockslide",
    "tm:rocksmash",
    "tm:rocktomb",
    "tm:round",
    "tm:secretpower",
    "tm:sleeptalk",
    "tm:snore",
    "tm:strength",
    "tm:substitute",
    "tm:surf",
    "tm:swagger",
    "tm:toxic",
    "tm:waterfall",
    "tm:waterpulse",
    "tm:whirlpool",
    "tutor:aquatail",
    "tutor:aurorabeam",
    "tutor:bodyslam",
    "tutor:charm",
    "tutor:defensecurl",
    "tutor:dive",
    "tutor:doubleedge",
    "tutor:endure",
    "tutor:fissure",
    "tutor:headbutt",
    "tutor:icywind",
    "tutor:irontail",
    "tutor:mimic",
    "tutor:mudslap",
    "tutor:powdersnow",
    "tutor:rockslide",
    "tutor:rollout",
    "tutor:signalbeam",
    "tutor:sleeptalk",
    "tutor:snore",
    "tutor:steelroller",
    "tutor:substitute",
    "tutor:superfang",
    "tutor:swagger",
    "tutor:watergun",
    "tutor:waterpulse"
  ],
  "labels": [
    "gen3"
  ],
  "pokedex": [
    "cobblemon.species.spheal.desc"
  ],
  "evolutions": [
    {
      "id": "spheal_sealeo",
      "variant": "level_up",
      "result": "sealeo",
      "consumeHeldItem": false,
      "learnableMoves": [
        "swagger"
      ],
      "requirements": [
        {
          "variant": "level",
          "minLevel": 32
        }
      ]
    }
  ],
  "baseScale": 1,
  "hitbox": {
    "width": 1,
    "height": 1,
    "fixed": false
  },
  "baseFriendship": 50,
  "evYield": {
    "hp": 1,
    "attack": 0,
    "defence": 0,
    "special_attack": 0,
    "special_defence": 0,
    "speed": 0
  },
  "height": 8,
  "weight": 395,
  "aspects": [],
  "cannotDynamax": false
}