{
	"format_version": "1.8.0",
	"animations": {
		"animation.marowak_alolan.ground_idle": {
			"loop": true,
			"bones": {
				"leftarm": {
					"rotation": [73.23567, "-11.8491*math.sin(q.anim_time*90*4*2)*0.4", "-11.5365*(math.sin(q.anim_time*90*4*2)*1+1)*0.1"]
				},
				"leftforearm": {
					"rotation": [0, -2.5, 0]
				},
				"rightarm": {
					"rotation": [81.81969, "35.9267-2.5*math.sin(q.anim_time*90*4*2)", "-11.5365+2.5*(math.sin(q.anim_time*90*4*2)*1+1)*0.4"]
				},
				"rightforearm": {
					"rotation": [0, 5, 0]
				},
				"tail": {
					"rotation": ["-17.5+(math.sin(q.anim_time*90*4*2+135)*1+1)*4", 0, 0]
				},
				"tail2": {
					"rotation": [10, 0, 0]
				},
				"body": {
					"rotation": ["20.1587+(math.sin(q.anim_time*90*4*2-90-45)*1+1)*2", 7.0453, 2.57816],
					"position": [0, "(math.sin(q.anim_time*90*4*2+90)*1+1)*0.5-0.75", 0]
				},
				"head": {
					"rotation": ["-7.7614-2+(math.sin(q.anim_time*90*4*2-90-45)*1+1)*2", -14.8687, 2.00307],
					"position": [0, 0, 0]
				},
				"righthand": {
					"rotation": [-22.5, 0, 0]
				},
				"leftleg": {
					"rotation": [-12.49816, 0.21643, -14.0237],
					"position": [0, -0.125, 0.575]
				},
				"leftfoot": {
					"rotation": [12.63565, -9.91358, 11.31845]
				},
				"rightleg": {
					"rotation": [10.15879, 12.96841, 10.46145],
					"position": [0, -0.25, 0.375]
				},
				"rightfoot": {
					"rotation": [-9.96271, -0.86717, -9.92442]
				},
				"flame_bot": {
					"rotation": [
						"79.3635+6*(math.sin(q.anim_time*90*3*2-90)*1-1)+6*(math.sin(q.anim_time*90*3/2-90)*1-1)",
						-169.30568,
						"180.2201+20*(math.sin(q.anim_time*90*3-150)*1-1)+6*(math.sin(q.anim_time*90*3/2-90)*1-1)"
					],
					"position": [0.325, -2.625, -1.35],
					"scale": [1, "2-math.sin(q.anim_time*90*5*2-90)*0.02-1", "1.9-math.sin(q.anim_time*90*6*2)*0.02-1"]
				},
				"flame_top": {
					"rotation": [
						"-52.1624+6*(math.sin(q.anim_time*90*3*2-90)*1-1)+6*(math.sin(q.anim_time*90*3/2-90)*1-1)",
						-9.05478,
						"-4.2617+20*(math.sin(q.anim_time*90*3-150)*1-1)+6*(math.sin(q.anim_time*90*3/2-90)*1-1)"
					],
					"position": [0.3, 2.525, -1],
					"scale": [1, "2-math.sin(q.anim_time*90*5*2-90)*0.02-1", "1.9-math.sin(q.anim_time*90*6*2)*0.02-1"]
				}
			}
		},
		"animation.marowak_alolan.ground_walk": {
			"loop": true,
			"bones": {
				"marowak": {
					"position": [0, "1.5+3*math.sin(q.anim_time*90*10-40)", 0]
				},
				"head": {
					"rotation": ["-47.5-8*math.sin(q.anim_time*90*10-20)", 0, 0],
					"position": [0, 0, -0.75]
				},
				"leftarm": {
					"rotation": [-16.42837, "-29.5685+50*math.sin(q.anim_time*90*5)*0.1", "3.562+1*math.sin(q.anim_time*90*2-90)*0.5"],
					"position": [0, 0, 0]
				},
				"leftforearm": {
					"rotation": [0, "0+50*math.sin(q.anim_time*90*5)*0.2", "0+1*math.sin(q.anim_time*90*2-90)*0.5"]
				},
				"rightarm": {
					"rotation": [81.81969, "35.9267-2.5*math.sin(q.anim_time*90*4*2)", "-11.5365+2.5*(math.sin(q.anim_time*90*4*2)*1+1)*0.4"],
					"position": [1, 0, 0]
				},
				"rightforearm": {
					"rotation": [0, 0, 0]
				},
				"flame_bot": {
					"rotation": [
						"104.9832+6*(math.sin(q.anim_time*90*3*2-90)*1-1)+6*(math.sin(q.anim_time*90*3/2-90)*1-1)",
						-140.31987,
						"151.3807+20*(math.sin(q.anim_time*90*4-150)*1-1)+6*(math.sin(q.anim_time*90*3/2-90)*1-1)"
					],
					"position": [1.175, -2.475, -1.075],
					"scale": [1, "2-math.sin(q.anim_time*90*5*2-90)*0.02-1", "1.9-math.sin(q.anim_time*90*6*2)*0.02-1"]
				},
				"flame_top": {
					"rotation": [
						"-45.1988+6*(math.sin(q.anim_time*90*3*2-90)*1-1)+6*(math.sin(q.anim_time*90*3/2-90)*1-1)*2",
						-29.16824,
						"-41.6171+20*(math.sin(q.anim_time*90*4-150)*1-1)+6*(math.sin(q.anim_time*90*3/2-90)*1-1)*2"
					],
					"position": [1.025, 3.025, -0.35],
					"scale": [1, "2-math.sin(q.anim_time*90*5*2-90)*0.02-1", "1.9-math.sin(q.anim_time*90*6*2)*0.02-1"]
				},
				"tail": {
					"rotation": ["-30+12*math.sin(q.anim_time*90*10-90)", "-12*math.sin(q.anim_time*90*5)", 0],
					"position": [0, 0, 0]
				},
				"tail2": {
					"rotation": ["2.5+19*math.sin(q.anim_time*90*10-150)", "-5*math.sin(q.anim_time*90*5-90)", 0]
				},
				"leftleg": {
					"rotation": ["90*math.sin(q.anim_time*90*5+40)", 0, 0]
				},
				"rightleg": {
					"rotation": ["-90*math.sin(q.anim_time*90*5+40)", 0, 0]
				},
				"body_leg": {
					"rotation": ["55+3*math.sin(q.anim_time*90*10-90)", "-5*math.sin(q.anim_time*90*5-70)", "-15*math.sin(q.anim_time*90*5-150)*0.3"],
					"position": [0, "0.75+0.8*math.sin(q.anim_time*90*8-60)", "0.2*math.sin(q.anim_time*90*8)"]
				}
			}
		}
	}
}