{
	"format_version": "1.8.0",
	"animations": {
		"animation.wingull.ground_idle": {
			"loop": true,
			"animation_length": 2,
			"bones": {
				"body": {
					"rotation": {
						"0.0": {
							"post": [0, 0, 0],
							"lerp_mode": "catmullrom"
						},
						"1.0": {
							"post": [-1, 0, 0],
							"lerp_mode": "catmullrom"
						},
						"2.0": {
							"post": [0, 0, 0],
							"lerp_mode": "catmullrom"
						}
					}
				},
				"leftFoot": {
					"rotation": [0, -12.5, 0]
				},
				"rightFoot": {
					"rotation": [0, 10, 0]
				},
				"leftWing": {
					"rotation": {
						"0.0": {
							"post": [0, 0, -70],
							"lerp_mode": "catmullrom"
						},
						"1.0": {
							"post": [0, 0, -72.5],
							"lerp_mode": "catmullrom"
						},
						"2.0": {
							"post": [0, 0, -70],
							"lerp_mode": "catmullrom"
						}
					}
				},
				"bone2": {
					"rotation": {
						"0.0": {
							"post": [0, 0, 145],
							"lerp_mode": "catmullrom"
						},
						"1.0": {
							"post": [0, 0, 142.5],
							"lerp_mode": "catmullrom"
						},
						"2.0": {
							"post": [0, 0, 145],
							"lerp_mode": "catmullrom"
						}
					}
				},
				"rightWing": {
					"rotation": {
						"0.0": {
							"post": [0, 0, 70],
							"lerp_mode": "catmullrom"
						},
						"1.0": {
							"post": [0, 0, 72.5],
							"lerp_mode": "catmullrom"
						},
						"2.0": {
							"post": [0, 0, 70],
							"lerp_mode": "catmullrom"
						}
					}
				},
				"bone3": {
					"rotation": {
						"0.0": {
							"post": [0, 0, -145],
							"lerp_mode": "catmullrom"
						},
						"1.0": {
							"post": [0, 0, -142.5],
							"lerp_mode": "catmullrom"
						},
						"2.0": {
							"post": [0, 0, -145],
							"lerp_mode": "catmullrom"
						}
					}
				}
			}
		},
		"animation.wingull.ground_walk": {
			"loop": true,
			"animation_length": 0.83333,
			"bones": {
				"body": {
					"rotation": {
						"0.0": {
							"post": [-2.5, 0, 0],
							"lerp_mode": "catmullrom"
						},
						"0.2083": {
							"post": [-5, 0, 0],
							"lerp_mode": "catmullrom"
						},
						"0.4167": {
							"post": [-2.5, 0, 0],
							"lerp_mode": "catmullrom"
						},
						"0.625": {
							"post": [-5, 0, 0],
							"lerp_mode": "catmullrom"
						},
						"0.8333": {
							"post": [-2.5, 0, 0],
							"lerp_mode": "catmullrom"
						}
					},
					"position": [0, 0.1, 0]
				},
				"leftWing": {
					"rotation": {
						"0.0": {
							"post": [0, 0, -75],
							"lerp_mode": "catmullrom"
						},
						"0.2083": {
							"post": [0, 0, -70],
							"lerp_mode": "catmullrom"
						},
						"0.4167": {
							"post": [0, 0, -75],
							"lerp_mode": "catmullrom"
						},
						"0.625": {
							"post": [0, 0, -77.5],
							"lerp_mode": "catmullrom"
						},
						"0.8333": {
							"post": [0, 0, -75],
							"lerp_mode": "catmullrom"
						}
					}
				},
				"bone2": {
					"rotation": [0, 0, 95]
				},
				"leftFoot": {
					"position": {
						"0.0": {
							"post": [0, 0, -0.7],
							"lerp_mode": "catmullrom"
						},
						"0.4167": {
							"post": [-0.1, 0, 1],
							"lerp_mode": "catmullrom"
						},
						"0.8333": {
							"post": [0, 0, -0.7],
							"lerp_mode": "catmullrom"
						}
					}
				},
				"rightFoot": {
					"position": {
						"0.0": {
							"post": [0.1, 0, 1],
							"lerp_mode": "catmullrom"
						},
						"0.4167": {
							"post": [0, 0, -0.7],
							"lerp_mode": "catmullrom"
						},
						"0.8333": {
							"post": [0.1, 0, 1],
							"lerp_mode": "catmullrom"
						}
					}
				},
				"rightWing": {
					"rotation": {
						"0.0": {
							"post": [0, 0, 75],
							"lerp_mode": "catmullrom"
						},
						"0.2083": {
							"post": [0, 0, 70],
							"lerp_mode": "catmullrom"
						},
						"0.4167": {
							"post": [0, 0, 75],
							"lerp_mode": "catmullrom"
						},
						"0.625": {
							"post": [0, 0, 77.5],
							"lerp_mode": "catmullrom"
						},
						"0.8333": {
							"post": [0, 0, 75],
							"lerp_mode": "catmullrom"
						}
					}
				},
				"bone3": {
					"rotation": [0, 0, -95]
				}
			}
		},
		"animation.wingull.faint": {
			"loop": "hold_on_last_frame"
		}
	}
}