{
	"format_version": "1.8.0",
	"animations": {
		"animation.azumarill.ground_idle": {
			"loop": true,
			"animation_length": 4,
			"bones": {
				"bone": {
					"rotation": {
						"0.0": {
							"post": [-2.5, 2.5, -5],
							"lerp_mode": "catmullrom"
						},
						"0.5": {
							"post": [0, 0, 0],
							"lerp_mode": "catmullrom"
						},
						"1.0": {
							"post": [-2.5, -2.5, 5],
							"lerp_mode": "catmullrom"
						},
						"1.5": {
							"post": [0, 0, 0],
							"lerp_mode": "catmullrom"
						},
						"2.0": {
							"post": [-2.5, 2.5, -5],
							"lerp_mode": "catmullrom"
						},
						"2.5": {
							"post": [0, 0, 0],
							"lerp_mode": "catmullrom"
						},
						"3.0": {
							"post": [-2.5, -2.5, 5],
							"lerp_mode": "catmullrom"
						},
						"3.5": {
							"post": [0, 0, 0],
							"lerp_mode": "catmullrom"
						},
						"4.0": {
							"post": [-2.5, 2.5, -5],
							"lerp_mode": "catmullrom"
						}
					},
					"position": {
						"0.0": {
							"post": [0, 0.5, 0],
							"lerp_mode": "catmullrom"
						},
						"0.5": {
							"post": [0, 0, 0],
							"lerp_mode": "catmullrom"
						},
						"1.0": {
							"post": [0, 0.5, 0],
							"lerp_mode": "catmullrom"
						},
						"1.5": {
							"post": [0, 0, 0],
							"lerp_mode": "catmullrom"
						},
						"2.0": {
							"post": [0, 0.5, 0],
							"lerp_mode": "catmullrom"
						},
						"2.5": {
							"post": [0, 0, 0],
							"lerp_mode": "catmullrom"
						},
						"3.0": {
							"post": [0, 0.5, 0],
							"lerp_mode": "catmullrom"
						},
						"3.5": {
							"post": [0, 0, 0],
							"lerp_mode": "catmullrom"
						},
						"4.0": {
							"post": [0, 0.5, 0],
							"lerp_mode": "catmullrom"
						}
					}
				},
				"leftArm": {
					"rotation": {
						"0.0": {
							"post": [-3.33, 0, -20],
							"lerp_mode": "catmullrom"
						},
						"0.1667": {
							"post": [-5, 0, -30],
							"lerp_mode": "catmullrom"
						},
						"0.6667": {
							"post": [0, 0, 0],
							"lerp_mode": "catmullrom"
						},
						"1.1667": {
							"post": [-5, 0, -30],
							"lerp_mode": "catmullrom"
						},
						"1.6667": {
							"post": [0, 0, 0],
							"lerp_mode": "catmullrom"
						},
						"2.1667": {
							"post": [-5, 0, -30],
							"lerp_mode": "catmullrom"
						},
						"2.6667": {
							"post": [0, 0, 0],
							"lerp_mode": "catmullrom"
						},
						"3.1667": {
							"post": [-5, 0, -30],
							"lerp_mode": "catmullrom"
						},
						"3.6667": {
							"post": [0, 0, 0],
							"lerp_mode": "catmullrom"
						},
						"4.0": {
							"post": [-3.33, 0, -20],
							"lerp_mode": "catmullrom"
						}
					}
				},
				"rightArm": {
					"rotation": {
						"0.0": {
							"post": [-3.33, 0, 20],
							"lerp_mode": "catmullrom"
						},
						"0.1667": {
							"post": [-5, 0, 30],
							"lerp_mode": "catmullrom"
						},
						"0.6667": {
							"post": [0, 0, 0],
							"lerp_mode": "catmullrom"
						},
						"1.1667": {
							"post": [-5, 0, 30],
							"lerp_mode": "catmullrom"
						},
						"1.6667": {
							"post": [0, 0, 0],
							"lerp_mode": "catmullrom"
						},
						"2.1667": {
							"post": [-5, 0, 30],
							"lerp_mode": "catmullrom"
						},
						"2.6667": {
							"post": [0, 0, 0],
							"lerp_mode": "catmullrom"
						},
						"3.1667": {
							"post": [-5, 0, 30],
							"lerp_mode": "catmullrom"
						},
						"3.6667": {
							"post": [0, 0, 0],
							"lerp_mode": "catmullrom"
						},
						"4.0": {
							"post": [-3.33, 0, 20],
							"lerp_mode": "catmullrom"
						}
					}
				},
				"leftEar": {
					"rotation": {
						"0.0": {
							"post": [0.36, 0.03, 0],
							"lerp_mode": "catmullrom"
						},
						"0.0833": {
							"post": [0, 0, 0],
							"lerp_mode": "catmullrom"
						},
						"0.5833": {
							"post": [2.5, 0, 0],
							"lerp_mode": "catmullrom"
						},
						"1.0833": {
							"post": [-2.5, -2.5, 0],
							"lerp_mode": "catmullrom"
						},
						"1.5833": {
							"post": [2.5, 0, 0],
							"lerp_mode": "catmullrom"
						},
						"2.0833": {
							"post": [0, 0, 0],
							"lerp_mode": "catmullrom"
						},
						"2.5833": {
							"post": [2.5, 0, 0],
							"lerp_mode": "catmullrom"
						},
						"3.0833": {
							"post": [-2.5, -2.5, 0],
							"lerp_mode": "catmullrom"
						},
						"3.5833": {
							"post": [2.5, 0, 0],
							"lerp_mode": "catmullrom"
						},
						"4.0": {
							"post": [0.36, 0.03, 0],
							"lerp_mode": "catmullrom"
						}
					}
				},
				"rightEar": {
					"rotation": {
						"0.0": {
							"post": [-4.04, 0, 0],
							"lerp_mode": "catmullrom"
						},
						"0.0833": {
							"post": [-5, 0, 0],
							"lerp_mode": "catmullrom"
						},
						"0.5833": {
							"post": [5, 0, 0],
							"lerp_mode": "catmullrom"
						},
						"1.0833": {
							"post": [-2.5, 0, 0],
							"lerp_mode": "catmullrom"
						},
						"1.5833": {
							"post": [2.5, 0, 0],
							"lerp_mode": "catmullrom"
						},
						"2.0833": {
							"post": [-5, 0, 0],
							"lerp_mode": "catmullrom"
						},
						"2.5833": {
							"post": [5, 0, 0],
							"lerp_mode": "catmullrom"
						},
						"3.0833": {
							"post": [-2.5, 0, 0],
							"lerp_mode": "catmullrom"
						},
						"3.5833": {
							"post": [2.5, 0, 0],
							"lerp_mode": "catmullrom"
						},
						"4.0": {
							"post": [-4.04, 0, 0],
							"lerp_mode": "catmullrom"
						}
					}
				},
				"tail": {
					"rotation": {
						"0.0": {
							"post": [-2.33, 5, 0],
							"lerp_mode": "catmullrom"
						},
						"0.1667": {
							"post": [-5, 0, 0],
							"lerp_mode": "catmullrom"
						},
						"0.6667": {
							"post": [3, -15, 0],
							"lerp_mode": "catmullrom"
						},
						"1.1667": {
							"post": [-5, 0, 0],
							"lerp_mode": "catmullrom"
						},
						"1.6667": {
							"post": [3, 15, 0],
							"lerp_mode": "catmullrom"
						},
						"2.1667": {
							"post": [-5, 0, 0],
							"lerp_mode": "catmullrom"
						},
						"2.6667": {
							"post": [3, -15, 0],
							"lerp_mode": "catmullrom"
						},
						"3.1667": {
							"post": [-5, 0, 0],
							"lerp_mode": "catmullrom"
						},
						"3.6667": {
							"post": [3, 15, 0],
							"lerp_mode": "catmullrom"
						},
						"4.0": {
							"post": [-2.33, 5, 0],
							"lerp_mode": "catmullrom"
						}
					}
				},
				"leftFoot": {
					"rotation": {
						"0.0": {
							"post": [8.77058, -0.98496, 0.62572],
							"lerp_mode": "catmullrom"
						},
						"0.5": {
							"post": [0, 0, 0],
							"lerp_mode": "catmullrom"
						},
						"1.0": {
							"post": [5, 0, 0],
							"lerp_mode": "catmullrom"
						},
						"1.5": {
							"post": [0, 0, 0],
							"lerp_mode": "catmullrom"
						},
						"2.0": {
							"post": [8.77058, -0.98496, 0.62572],
							"lerp_mode": "catmullrom"
						},
						"2.5": {
							"post": [0, 0, 0],
							"lerp_mode": "catmullrom"
						},
						"3.0": {
							"post": [5, 0, 0],
							"lerp_mode": "catmullrom"
						},
						"3.5": {
							"post": [0, 0, 0],
							"lerp_mode": "catmullrom"
						},
						"4.0": {
							"post": [8.77058, -0.98496, 0.62572],
							"lerp_mode": "catmullrom"
						}
					},
					"position": {
						"0.0": {
							"post": [0, 0.6, 0],
							"lerp_mode": "catmullrom"
						},
						"0.5": {
							"post": [0, 0, 0],
							"lerp_mode": "catmullrom"
						},
						"1.0": {
							"post": [0, 0.3, 0],
							"lerp_mode": "catmullrom"
						},
						"1.5": {
							"post": [0, 0, 0],
							"lerp_mode": "catmullrom"
						},
						"2.0": {
							"post": [0, 0.6, 0],
							"lerp_mode": "catmullrom"
						},
						"2.5": {
							"post": [0, 0, 0],
							"lerp_mode": "catmullrom"
						},
						"3.0": {
							"post": [0, 0.3, 0],
							"lerp_mode": "catmullrom"
						},
						"3.5": {
							"post": [0, 0, 0],
							"lerp_mode": "catmullrom"
						},
						"4.0": {
							"post": [0, 0.6, 0],
							"lerp_mode": "catmullrom"
						}
					}
				},
				"rightFoot": {
					"rotation": {
						"0.0": {
							"post": [5, 0, 0],
							"lerp_mode": "catmullrom"
						},
						"0.5": {
							"post": [0, 0, 0],
							"lerp_mode": "catmullrom"
						},
						"1.0": {
							"post": [8.77058, 0.98496, -0.62572],
							"lerp_mode": "catmullrom"
						},
						"1.5": {
							"post": [0, 0, 0],
							"lerp_mode": "catmullrom"
						},
						"2.0": {
							"post": [5, 0, 0],
							"lerp_mode": "catmullrom"
						},
						"2.5": {
							"post": [0, 0, 0],
							"lerp_mode": "catmullrom"
						},
						"3.0": {
							"post": [8.77058, 0.98496, -0.62572],
							"lerp_mode": "catmullrom"
						},
						"3.5": {
							"post": [0, 0, 0],
							"lerp_mode": "catmullrom"
						},
						"4.0": {
							"post": [5, 0, 0],
							"lerp_mode": "catmullrom"
						}
					},
					"position": {
						"0.0": {
							"post": [0, 0.3, 0],
							"lerp_mode": "catmullrom"
						},
						"0.5": {
							"post": [0, 0, 0],
							"lerp_mode": "catmullrom"
						},
						"1.0": {
							"post": [0, 0.6, 0],
							"lerp_mode": "catmullrom"
						},
						"1.5": {
							"post": [0, 0, 0],
							"lerp_mode": "catmullrom"
						},
						"2.0": {
							"post": [0, 0.3, 0],
							"lerp_mode": "catmullrom"
						},
						"2.5": {
							"post": [0, 0, 0],
							"lerp_mode": "catmullrom"
						},
						"3.0": {
							"post": [0, 0.6, 0],
							"lerp_mode": "catmullrom"
						},
						"3.5": {
							"post": [0, 0, 0],
							"lerp_mode": "catmullrom"
						},
						"4.0": {
							"post": [0, 0.3, 0],
							"lerp_mode": "catmullrom"
						}
					}
				},
				"bone2": {
					"rotation": {
						"0.0": {
							"post": [20, 10, 5],
							"lerp_mode": "catmullrom"
						},
						"0.5": {
							"post": [0, 0, 0],
							"lerp_mode": "catmullrom"
						},
						"1.0": {
							"post": [20, -10, -5],
							"lerp_mode": "catmullrom"
						},
						"1.5": {
							"post": [0, 0, 0],
							"lerp_mode": "catmullrom"
						},
						"2.0": {
							"post": [20, 10, 5],
							"lerp_mode": "catmullrom"
						},
						"2.5": {
							"post": [0, 0, 0],
							"lerp_mode": "catmullrom"
						},
						"3.0": {
							"post": [20, -10, -5],
							"lerp_mode": "catmullrom"
						},
						"3.5": {
							"post": [0, 0, 0],
							"lerp_mode": "catmullrom"
						},
						"4.0": {
							"post": [20, 10, 5],
							"lerp_mode": "catmullrom"
						}
					}
				}
			}
		},
		"animation.azumarill.ground_walk": {
			"loop": true,
			"animation_length": 2,
			"bones": {
				"bone": {
					"rotation": {
						"0.0": {
							"post": [0, 5, -2.5],
							"lerp_mode": "catmullrom"
						},
						"0.5": {
							"post": [0, -5, 2.5],
							"lerp_mode": "catmullrom"
						},
						"1.0": {
							"post": [0, 5, -2.5],
							"lerp_mode": "catmullrom"
						},
						"1.5": {
							"post": [0, -5, 2.5],
							"lerp_mode": "catmullrom"
						},
						"2.0": {
							"post": [0, 5, -2.5],
							"lerp_mode": "catmullrom"
						}
					},
					"position": {
						"0.0": {
							"post": [0, 0, 0],
							"lerp_mode": "catmullrom"
						},
						"0.125": {
							"post": [0, 0.17, 0],
							"lerp_mode": "catmullrom"
						},
						"0.25": {
							"post": [0, 1, 0],
							"lerp_mode": "catmullrom"
						},
						"0.5": {
							"post": [0, 0, 0],
							"lerp_mode": "catmullrom"
						},
						"0.625": {
							"post": [0, 0.13, 0],
							"lerp_mode": "catmullrom"
						},
						"0.75": {
							"post": [0, 1, 0],
							"lerp_mode": "catmullrom"
						},
						"1.0": {
							"post": [0, 0, 0],
							"lerp_mode": "catmullrom"
						},
						"1.125": {
							"post": [0, 0.13, 0],
							"lerp_mode": "catmullrom"
						},
						"1.25": {
							"post": [0, 1, 0],
							"lerp_mode": "catmullrom"
						},
						"1.5": {
							"post": [0, 0, 0],
							"lerp_mode": "catmullrom"
						},
						"1.625": {
							"post": [0, 0.13, 0],
							"lerp_mode": "catmullrom"
						},
						"1.75": {
							"post": [0, 1, 0],
							"lerp_mode": "catmullrom"
						},
						"2.0": {
							"post": [0, 0, 0],
							"lerp_mode": "catmullrom"
						}
					}
				},
				"leftEar": {
					"rotation": {
						"0.0": {
							"post": [0, 0, 0],
							"lerp_mode": "catmullrom"
						},
						"0.25": {
							"post": [5, 0, 0],
							"lerp_mode": "catmullrom"
						},
						"0.5": {
							"post": [0, 0, 0],
							"lerp_mode": "catmullrom"
						},
						"0.75": {
							"post": [5, 0, 0],
							"lerp_mode": "catmullrom"
						},
						"1.0": {
							"post": [0, 0, 0],
							"lerp_mode": "catmullrom"
						},
						"1.25": {
							"post": [5, 0, 0],
							"lerp_mode": "catmullrom"
						},
						"1.5": {
							"post": [0, 0, 0],
							"lerp_mode": "catmullrom"
						},
						"1.75": {
							"post": [5, 0, 0],
							"lerp_mode": "catmullrom"
						},
						"2.0": {
							"post": [0, 0, 0],
							"lerp_mode": "catmullrom"
						}
					}
				},
				"rightEar": {
					"rotation": {
						"0.0": {
							"post": [-2.5, 0, 0],
							"lerp_mode": "catmullrom"
						},
						"0.25": {
							"post": [5, 0, 0],
							"lerp_mode": "catmullrom"
						},
						"0.5": {
							"post": [-2.5, 0, 0],
							"lerp_mode": "catmullrom"
						},
						"0.75": {
							"post": [5, 0, 0],
							"lerp_mode": "catmullrom"
						},
						"1.0": {
							"post": [-2.5, 0, 0],
							"lerp_mode": "catmullrom"
						},
						"1.25": {
							"post": [5, 0, 0],
							"lerp_mode": "catmullrom"
						},
						"1.5": {
							"post": [-2.5, 0, 0],
							"lerp_mode": "catmullrom"
						},
						"1.75": {
							"post": [5, 0, 0],
							"lerp_mode": "catmullrom"
						},
						"2.0": {
							"post": [-2.5, 0, 0],
							"lerp_mode": "catmullrom"
						}
					}
				},
				"leftArm": {
					"rotation": {
						"0.0": {
							"post": [0, 30, 0],
							"lerp_mode": "catmullrom"
						},
						"0.5": {
							"post": [0, -20, 0],
							"lerp_mode": "catmullrom"
						},
						"0.75": {
							"post": [-5, 10, -15],
							"lerp_mode": "catmullrom"
						},
						"1.0": {
							"post": [0, 30, 0],
							"lerp_mode": "catmullrom"
						},
						"1.5": {
							"post": [0, -20, 0],
							"lerp_mode": "catmullrom"
						},
						"1.75": {
							"post": [-5, 10, -15],
							"lerp_mode": "catmullrom"
						},
						"2.0": {
							"post": [0, 30, 0],
							"lerp_mode": "catmullrom"
						}
					}
				},
				"rightArm": {
					"rotation": {
						"0.0": {
							"post": [0, 30, 0],
							"lerp_mode": "catmullrom"
						},
						"0.25": {
							"post": [-5, 10, 15],
							"lerp_mode": "catmullrom"
						},
						"0.5": {
							"post": [0, -20, 0],
							"lerp_mode": "catmullrom"
						},
						"1.0": {
							"post": [0, 30, 0],
							"lerp_mode": "catmullrom"
						},
						"1.25": {
							"post": [-5, 10, 15],
							"lerp_mode": "catmullrom"
						},
						"1.5": {
							"post": [0, -20, 0],
							"lerp_mode": "catmullrom"
						},
						"2.0": {
							"post": [0, 30, 0],
							"lerp_mode": "catmullrom"
						}
					}
				},
				"tail": {
					"rotation": {
						"0.0": {
							"post": [0, -2.5, 0],
							"lerp_mode": "catmullrom"
						},
						"0.25": {
							"post": [0, 20, 0],
							"lerp_mode": "catmullrom"
						},
						"0.75": {
							"post": [0, -20, 0],
							"lerp_mode": "catmullrom"
						},
						"1.25": {
							"post": [0, 20, 0],
							"lerp_mode": "catmullrom"
						},
						"1.75": {
							"post": [0, -20, 0],
							"lerp_mode": "catmullrom"
						},
						"2.0": {
							"post": [0, -2.5, 0],
							"lerp_mode": "catmullrom"
						}
					}
				},
				"bone2": {
					"rotation": {
						"0.0": {
							"post": [0, 2.5, 1.31],
							"lerp_mode": "catmullrom"
						},
						"0.25": {
							"post": [0, 2.5, -10.5],
							"lerp_mode": "catmullrom"
						},
						"0.75": {
							"post": [0, 2.5, 10.5],
							"lerp_mode": "catmullrom"
						},
						"1.25": {
							"post": [0, 2.5, -10.5],
							"lerp_mode": "catmullrom"
						},
						"1.75": {
							"post": [0, 2.5, 10.5],
							"lerp_mode": "catmullrom"
						},
						"2.0": {
							"post": [0, 2.5, 1.31],
							"lerp_mode": "catmullrom"
						}
					}
				},
				"leftFoot": {
					"rotation": {
						"0.0": {
							"post": [12.5, 0, 0],
							"lerp_mode": "catmullrom"
						},
						"0.375": {
							"post": [-20, 0, 0],
							"lerp_mode": "catmullrom"
						},
						"0.5": {
							"post": [0, 0, 0],
							"lerp_mode": "catmullrom"
						},
						"0.75": {
							"post": [5.5, 0, 1.5],
							"lerp_mode": "catmullrom"
						},
						"1.0": {
							"post": [12.5, 0, 0],
							"lerp_mode": "catmullrom"
						},
						"1.375": {
							"post": [-20, 0, 0],
							"lerp_mode": "catmullrom"
						},
						"1.5": {
							"post": [0, 0, 0],
							"lerp_mode": "catmullrom"
						},
						"1.75": {
							"post": [5.5, 0, 1.5],
							"lerp_mode": "catmullrom"
						},
						"2.0": {
							"post": [12.5, 0, 0],
							"lerp_mode": "catmullrom"
						}
					},
					"position": {
						"0.0": {
							"post": [0, 0.8, 3],
							"lerp_mode": "catmullrom"
						},
						"0.25": {
							"post": [0, 0.5, -0.25],
							"lerp_mode": "catmullrom"
						},
						"0.5": {
							"post": [0, 0, -2],
							"lerp_mode": "catmullrom"
						},
						"1.0": {
							"post": [0, 0.8, 3],
							"lerp_mode": "catmullrom"
						},
						"1.25": {
							"post": [0, 0.5, -0.25],
							"lerp_mode": "catmullrom"
						},
						"1.5": {
							"post": [0, 0, -2],
							"lerp_mode": "catmullrom"
						},
						"2.0": {
							"post": [0, 0.8, 3],
							"lerp_mode": "catmullrom"
						}
					}
				},
				"rightFoot": {
					"rotation": {
						"0.0": {
							"post": [0, 0, 0],
							"lerp_mode": "catmullrom"
						},
						"0.25": {
							"post": [5.5, 0, 1.5],
							"lerp_mode": "catmullrom"
						},
						"0.5": {
							"post": [12.5, 0, 0],
							"lerp_mode": "catmullrom"
						},
						"0.875": {
							"post": [-20, 0, 0],
							"lerp_mode": "catmullrom"
						},
						"1.0": {
							"post": [0, 0, 0],
							"lerp_mode": "catmullrom"
						},
						"1.25": {
							"post": [5.5, 0, 1.5],
							"lerp_mode": "catmullrom"
						},
						"1.5": {
							"post": [12.5, 0, 0],
							"lerp_mode": "catmullrom"
						},
						"1.875": {
							"post": [-20, 0, 0],
							"lerp_mode": "catmullrom"
						},
						"2.0": {
							"post": [0, 0, 0],
							"lerp_mode": "catmullrom"
						}
					},
					"position": {
						"0.0": {
							"post": [0, 0, -2],
							"lerp_mode": "catmullrom"
						},
						"0.5": {
							"post": [0, 0.8, 3],
							"lerp_mode": "catmullrom"
						},
						"0.75": {
							"post": [0, 0.5, -0.25],
							"lerp_mode": "catmullrom"
						},
						"1.0": {
							"post": [0, 0, -2],
							"lerp_mode": "catmullrom"
						},
						"1.5": {
							"post": [0, 0.8, 3],
							"lerp_mode": "catmullrom"
						},
						"1.75": {
							"post": [0, 0.5, -0.25],
							"lerp_mode": "catmullrom"
						},
						"2.0": {
							"post": [0, 0, -2],
							"lerp_mode": "catmullrom"
						}
					}
				}
			}
		},
		"animation.azumarill.faint": {
			"loop": true
		}
	}
}