{
    "type": "minecraft:crafting_shaped",
    "pattern": [
        "GCG",
        "LHL",
		"I I"
    ],
    "key": {
        "I": {
            "item": "create:iron_sheet"
        },
        "G": {
            "item": "minecraft:glowstone"
        },
        "C": {
            "item": "minecraft:prismarine_crystals"
        },
        "L": {
            "item": "create:experience_nugget"
        },
        "H": {
            "tag": "cobblecreatecompat:xphelmets"
        }
    },
    "result": {
        "item": "cobblemon:exp_share"
    }
}
