{
	"format_version": "1.12.0",
	"minecraft:geometry": [
		{
			"description": {
				"identifier": "geometry.walrein",
				"texture_width": 128,
				"texture_height": 128,
				"visible_bounds_width": 4,
				"visible_bounds_height": 3.5,
				"visible_bounds_offset": [0, 1.25, 0]
			},
			"bones": [
				{
					"name": "walrein",
					"pivot": [0, 0, 0]
				},
				{
					"name": "body",
					"parent": "walrein",
					"pivot": [0, 0, 0],
					"cubes": [
						{"origin": [-10, 0.5, -8.5], "size": [20, 10, 10], "pivot": [0, 2.5, -3.5], "rotation": [-7.5, 0, 0], "uv": [0, 0]},
						{"origin": [-8.5, 0.1, 0.5], "size": [17, 8, 11], "uv": [0, 20]},
						{"origin": [-9, 2, -8.5], "size": [18, 11, 9], "pivot": [0, 5, -4.5], "rotation": [7.5, 0, 0], "uv": [0, 39]},
						{"origin": [-6.5, 14.71473, -8.5], "size": [13, 5, 8], "pivot": [0.5, 8.01473, -4.46261], "rotation": [10, 0, 0], "uv": [52, 12]},
						{"origin": [-8, 3.2, -4.8], "size": [16, 13, 9], "pivot": [0.5, 5.51665, -2.7894], "rotation": [30, 0, 0], "uv": [45, 50]},
						{"origin": [-3.5, 17.5, -5.7], "size": [7, 7, 7], "pivot": [-5.5, 18, -2.5], "rotation": [-15, 0, 0], "uv": [63, 72], "mirror": true},
						{"origin": [-4, 17, -5.5], "size": [8, 8, 8], "pivot": [0, 21, -1.5], "rotation": [-15, 0, 0], "uv": [0, 59], "mirror": true}
					]
				},
				{
					"name": "head",
					"parent": "body",
					"pivot": [0, 21, -9.3],
					"cubes": [
						{"origin": [-7, 22, -15.2], "size": [14, 7, 10], "uv": [46, 29]},
						{"origin": [-2, 22.2, -16.2], "size": [4, 2, 1], "uv": [60, 47]},
						{"origin": [-7, 19, -10], "size": [14, 3, 5], "uv": [50, 0]}
					]
				},
				{
					"name": "tusk3",
					"parent": "head",
					"pivot": [-4.45, 22, -14.075],
					"rotation": [-5, 0, 2.5],
					"cubes": [
						{"origin": [-6.95, 18, -15.175], "size": [3, 4, 3], "uv": [15, 75], "mirror": true},
						{"origin": [-6.475, 14.1, -15.15], "size": [2, 4, 2], "pivot": [-4.95, 20, -14.675], "rotation": [5, 0, 0], "uv": [0, 39], "mirror": true}
					]
				},
				{
					"name": "tusk2",
					"parent": "head",
					"pivot": [4.45, 22, -14.075],
					"rotation": [-5, 0, -2.5],
					"cubes": [
						{"origin": [3.95, 18, -15.175], "size": [3, 4, 3], "uv": [15, 75]},
						{"origin": [4.475, 14.1, -15.15], "size": [2, 4, 2], "pivot": [4.95, 20, -14.675], "rotation": [5, 0, 0], "uv": [0, 39]}
					]
				},
				{
					"name": "mouth",
					"parent": "head",
					"pivot": [0, 22, -9.9],
					"cubes": [
						{"origin": [-6.5, 19, -14.9], "size": [13, 3, 5], "uv": [27, 72]}
					]
				},
				{
					"name": "rightHair",
					"parent": "head",
					"pivot": [-4, 21, -14],
					"cubes": [
						{"origin": [-9.1, 20, -15.3], "size": [7, 4, 0], "pivot": [-1, 22, -15.3], "rotation": [0, 0, 5], "uv": [60, 8], "mirror": true},
						{"origin": [-9.5, 19.5, -15.3], "size": [7, 4, 0], "pivot": [-1, 22, -15.3], "rotation": [0.10912, -2.49762, -15.00238], "uv": [51, 25], "mirror": true},
						{"origin": [-9.9, 22.8, -13.5], "size": [3, 6, 6], "uv": [85, 80], "mirror": true},
						{"origin": [-10.5, 22.3, -14], "size": [4, 7, 7], "pivot": [-8, 24.3, -10], "rotation": [5, 0, 0], "uv": [0, 75], "mirror": true}
					]
				},
				{
					"name": "leftHair",
					"parent": "head",
					"pivot": [4, 21, -14],
					"cubes": [
						{"origin": [2.1, 20, -15.3], "size": [7, 4, 0], "pivot": [1, 22, -15.3], "rotation": [0, 0, -5], "uv": [60, 8]},
						{"origin": [2.5, 19.5, -15.3], "size": [7, 4, 0], "pivot": [1, 22, -15.3], "rotation": [0.10912, 2.49762, 15.00238], "uv": [51, 25]},
						{"origin": [6.9, 22.8, -13.5], "size": [3, 6, 6], "uv": [85, 80]},
						{"origin": [6.5, 22.3, -14], "size": [4, 7, 7], "pivot": [8, 24.3, -10], "rotation": [5, 0, 0], "uv": [0, 75]}
					]
				},
				{
					"name": "leftEye",
					"parent": "head",
					"pivot": [2.4, 24.5, -15.3],
					"cubes": [
						{"origin": [1.4, 24.5, -15.3], "size": [4, 2, 0], "uv": [0, 29]},
						{"origin": [2, 25, -15.325], "size": [2, 2, 0], "uv": [0, 2]}
					]
				},
				{
					"name": "rightEye",
					"parent": "head",
					"pivot": [-2.4, 24.5, -15.3],
					"cubes": [
						{"origin": [-5.4, 24.5, -15.3], "size": [4, 2, 0], "uv": [0, 29], "mirror": true},
						{"origin": [-4, 25, -15.325], "size": [2, 2, 0], "uv": [0, 2], "mirror": true}
					]
				},
				{
					"name": "rightFoot",
					"parent": "body",
					"pivot": [-8.3, 5, 7.5],
					"rotation": [20, 0, 10],
					"cubes": [
						{"origin": [-12.5, 1.3, 4], "size": [4, 7, 6], "pivot": [-9.4, 2.2, 6.5], "rotation": [-10, 0, 5], "uv": [22, 80], "mirror": true},
						{"origin": [-12.5, 0, 5.5], "size": [4, 2, 3], "pivot": [-9.4, 2.2, 6.5], "rotation": [10, 0, 0], "uv": [84, 33], "mirror": true}
					]
				},
				{
					"name": "foot2",
					"parent": "rightFoot",
					"pivot": [-9.5, 0.7, 6.5],
					"rotation": [-20, 7.5, -10],
					"cubes": [
						{"origin": [-12.625, -0.3, 1], "size": [4, 1, 6], "uv": [86, 10], "mirror": true}
					]
				},
				{
					"name": "leftFoot",
					"parent": "body",
					"pivot": [8.3, 5, 7.5],
					"rotation": [20, 0, -10],
					"cubes": [
						{"origin": [8.5, 1.3, 4], "size": [4, 7, 6], "pivot": [9.4, 2.2, 6.5], "rotation": [-10, 0, -5], "uv": [22, 80]},
						{"origin": [8.5, 0, 5.5], "size": [4, 2, 3], "pivot": [9.4, 2.2, 6.5], "rotation": [10, 0, 0], "uv": [84, 33]}
					]
				},
				{
					"name": "foot",
					"parent": "leftFoot",
					"pivot": [9.5, 0.7, 6.5],
					"rotation": [-20, -7.5, 10],
					"cubes": [
						{"origin": [8.625, -0.3, 1], "size": [4, 1, 6], "uv": [86, 10]}
					]
				},
				{
					"name": "rightHand",
					"parent": "body",
					"pivot": [-10.1, 7, -5.7],
					"rotation": [0, -10, 7.5],
					"cubes": [
						{"origin": [-12.8, 2.1, -7], "size": [3, 7, 6], "pivot": [-11.6, 3.5, -5.2], "rotation": [10, 0, 0], "uv": [42, 80], "mirror": true}
					]
				},
				{
					"name": "rightHand2",
					"parent": "rightHand",
					"pivot": [-12.8, 2.2, -5.675],
					"rotation": [17.5, 10, 70],
					"cubes": [
						{"origin": [-12.8, -3.8, -6.675], "size": [1, 6, 4], "uv": [0, 0], "mirror": true},
						{"origin": [-12.775, -3.7, -4.475], "size": [1, 6, 3], "pivot": [-11.8, 2.2, -5.675], "rotation": [12.5, 0, 0], "uv": [0, 20], "mirror": true}
					]
				},
				{
					"name": "leftHand",
					"parent": "body",
					"pivot": [10.1, 7, -5.7],
					"rotation": [0, 10, -7.5],
					"cubes": [
						{"origin": [9.8, 2.1, -7], "size": [3, 7, 6], "pivot": [11.6, 3.5, -5.2], "rotation": [10, 0, 0], "uv": [42, 80]}
					]
				},
				{
					"name": "leftHand2",
					"parent": "leftHand",
					"pivot": [12.8, 2.2, -5.675],
					"rotation": [17.5, -10, -70],
					"cubes": [
						{"origin": [11.8, -3.8, -6.675], "size": [1, 6, 4], "uv": [0, 0]},
						{"origin": [11.775, -3.7, -4.475], "size": [1, 6, 3], "pivot": [11.8, 2.2, -5.675], "rotation": [12.5, 0, 0], "uv": [0, 20]}
					]
				},
				{
					"name": "bone",
					"parent": "body",
					"pivot": [6.5, 20, -3],
					"rotation": [7.5, 0, -5],
					"cubes": [
						{"origin": [3, 18, -6.5], "size": [8, 8, 8], "uv": [0, 59]},
						{"origin": [3.5, 18.5, -5.7], "size": [7, 7, 7], "uv": [63, 72]},
						{"origin": [7.78, 18.425, -6.5], "size": [0, 2, 8], "pivot": [8.5, 18, -3], "rotation": [0, 0, 150], "uv": [45, 38]},
						{"origin": [7.36734, 26.5905, -7.94425], "size": [0, 2, 8], "pivot": [6.8867, 21.99013, -3.25107], "rotation": [180, 0, -145], "uv": [45, 38]}
					]
				},
				{
					"name": "bone2",
					"parent": "body",
					"pivot": [-6.5, 20, -3],
					"rotation": [7.5, 0, 5],
					"cubes": [
						{"origin": [-11, 18, -6.5], "size": [8, 8, 8], "uv": [0, 59], "mirror": true},
						{"origin": [-10.5, 18.5, -5.7], "size": [7, 7, 7], "uv": [63, 72], "mirror": true},
						{"origin": [-7.78, 18.425, -6.5], "size": [0, 2, 8], "pivot": [-8.5, 18, -3], "rotation": [0, 0, -150], "uv": [45, 38], "mirror": true},
						{"origin": [-7.36734, 26.5905, -7.94425], "size": [0, 2, 8], "pivot": [-6.8867, 21.99013, -3.25107], "rotation": [180, 0, 145], "uv": [45, 38], "mirror": true}
					]
				},
				{
					"name": "tail",
					"parent": "body",
					"pivot": [0, 2, 11.6],
					"rotation": [20, 0, 0],
					"cubes": [
						{"origin": [1.1882, 2, 11.42107], "size": [3, 0, 10], "pivot": [1.1882, 2, 13.82107], "rotation": [-5, 7.5, 0], "uv": [35, 20]},
						{"origin": [-4.1882, 2, 11.42107], "size": [3, 0, 10], "pivot": [-1.1882, 2, 13.82107], "rotation": [-5, -7.5, 0], "uv": [35, 20], "mirror": true}
					]
				},
				{
					"name": "tailSeg5",
					"parent": "tail",
					"pivot": [-6.4, 2, 11.3],
					"rotation": [0, -10, 0],
					"cubes": [
						{"origin": [-8.4, 0.5, 11.3], "size": [5, 2, 6], "uv": [82, 2], "mirror": true}
					]
				},
				{
					"name": "tailSeg6",
					"parent": "tailSeg5",
					"pivot": [-6.5, 2, 16.3],
					"rotation": [-10, 0, 0],
					"cubes": [
						{"origin": [-8.5, 0.6, 17.3], "size": [5, 2, 5], "uv": [24, 59], "mirror": true}
					]
				},
				{
					"name": "tailSeg3",
					"parent": "tail",
					"pivot": [6.4, 2, 11.3],
					"rotation": [0, 10, 0],
					"cubes": [
						{"origin": [3.4, 0.5, 11.3], "size": [5, 2, 6], "uv": [82, 2]}
					]
				},
				{
					"name": "tailSeg4",
					"parent": "tailSeg3",
					"pivot": [6.5, 2, 17.3],
					"rotation": [-10, 0, 0],
					"cubes": [
						{"origin": [3.5, 0.6, 17.3], "size": [5, 2, 5], "uv": [24, 59]}
					]
				},
				{
					"name": "tailSeg1",
					"parent": "tail",
					"pivot": [0, 2, 11.6],
					"cubes": [
						{"origin": [-2.5, 0.5, 11.6], "size": [5, 2, 6], "uv": [84, 25]}
					]
				},
				{
					"name": "tailSeg2",
					"parent": "tailSeg1",
					"pivot": [0, 2, 16.6],
					"rotation": [-10, 0, 0],
					"cubes": [
						{"origin": [-2.5, 0.6, 17.6], "size": [5, 2, 5], "uv": [84, 72]}
					]
				}
			]
		}
	]
}